Workbook

Sheet สัปดาห์ที่ 1
A1: ใบเบิกจ่ายเงินค่าสอนพิเศษและค่าสอนเกินภาระงานสอนในสถานศึกษา
A2: แผนกวิชาช่างยนต์ | Z2: ลำดับ | AB2: รายชื่อ | AE2: รวม ชม./ ส. | AH2: รวม ค่าสอน / สัปดาห์
A3: ระหว่างวันที่ | D3: 14 | E3: เดือน | F3: กันยายน | H3: พ.ศ. 2569 | I3: ถึง วันที่ | J3: 18 | K3: เดือน | L3: กันยายน | N3: พ.ศ. 2569 | Z3: 1 | AB3: นายชำนาญ แก้วจงประสิทธิ์ | AE3: 12 | AH3: 2400
G4: ü | H4: ครู | I4: หน้าที่พิเศษ | J4: หัวหน้าแผนกวิชาช่างยนต์ | Z4: 2 | AB4: นายวัชรัศนิ์ ไชยศาสตร์ | AE4: 12 | AH4: 2400
A5: ที่ | B5: ชื่อ-สกุล | E5: ตำแหน่ง | F5: ระยะเวลาที่สอน | H5: รหัสวิชา | I5: ชั้น,แผนก,ห้อง | J5: เวลาสอน | L5: ปวช.(คาบ) | N5: เงิน | O5: ยอดเงิน | P5: ปวส.(คาบ) | R5: เงิน | S5: ยอดเงิน | Z5: 3 | AB5: นายไพรัช น้อยแสง | AE5: 12 | AH5: 2400
F6: ส. | G6: วดป. | L6: ใน | M6: นอก | N6: ต่อ ชม. | O6: (บาท) | P6: ใน | Q6: นอก | R6: ต่อ ชม. | S6: (บาท) | Z6: 4 | AB6: นายจักรกฤษณ์ ปัญญา | AE6: 12 | AH6: 2400
A7: 1 | B7: =AB3 | E7: ครู | F7: 1 | G7: จันทร์ | H7: 20101-2018 | I7: ชย.3/3 (26) | J7: 17:10 - 21:10 | L7: 4 | Z7: 5 | AB7: นายพลกฤต น้อยเกิด | AE7: 12 | AH7: 2400
G8: 14 ก.ย.69 | Z8: 6 | AB8: นายพงษ์พัฒน์ พิมพ์ปรุ | AE8: 12 | AH8: 2400
Z9: 7 | AB9: นายพงศ์ศิริ ธรรมาวุฒิ | AE9: 12 | AH9: 2400
Z10: 8 | AB10: นายศุภเดช เมืองเงิน | AE10: 12 | AH10: 2400
Z11: 9 | AB11: นายณัฐพงศ์ จันทร์แดง | AE11: 12 | AH11: 2400
G12: อังคาร | H12: 20101-2010 | I12: ชย.2/7 (26) | J12: 08:10 - 12:10 | L12: 4 | Z12: 10 | AB12: นายมนตรี ทิมสุข | AE12: 12 | AH12: 2400
G13: 15 ก.ย.69 | H13: 20101-2010 | I13: ชย.2/7 (26) | J13: 13:10 - 16:10 | L13: 3 | Z13: 11 | AB13: นางสาวจิราพร พิมเสน | AE13: 12 | AH13: 2400
H14: 20101-2018 | I14: ชย.3/3 (26) | J14: 17:10 - 20:10 | L14: 3 | Z14: 12 | AB14: นายสมชาย อุประ | AE14: 12 | AH14: 2400
Z15: 13 | AB15: นายสถาปนิก คุ้มสะอาด | AE15: 12 | AH15: 2400
G17: พุธ | H17: 20101-2010 | I17: ชย.2/6 (26) | J17: 08:10 - 12:10 | L17: 2 | M17: 2 | N17: 200 | O17: =M17*N17
G18: 16 ก.ย.69 | H18: 20101-2010 | I18: ชย.2/6 (26) | J18: 13:10 - 16:10 | M18: 3 | N18: 200 | O18: =M18*N18
G22: พฤหัส | H22: 20101-2010 | I22: ชย.2/5 (26) | J22: 08:10 - 12:10 | M22: 4 | N22: 200 | O22: =M22*N22
G23: 17 ก.ย.69 | H23: 20101-2010 | I23: ชย.2/5 (26) | J23: 15:10 - 18:10 | M23: 3 | N23: 200 | O23: =M23*N23
G27: ศุกร์
G28: 18 ก.ย.69
G32: รวมขั่วโมงที่สอนแยก ภาระงาน/ เกินภาระงาน | L32: =SUM(L7:L31) | M32: =SUM(M7:M31) | P32: =SUM(P7:P31) | Q32: =SUM(Q7:Q31)
G33: รวมจำนวนชั่วโมงสอนคาบต่อสับดาห์ | L33: =L32+M32 | P33: =P32+Q32
G34: จำนวนชั่วโมงสอนตามภาระงานสอน | L34: 12 | P34: 0
G35: จำนวนชั่วโมงบิกเกินภาระงานสอน/ค่าสอน | L35: 0 | M35: =SUM(M7:M31) | O35: =SUM(O7:O31) | P35: 0 | Q35: =SUM(Q7:Q31) | S35: =SUM(S7:S31)
A36: รวมจำนวนหน่วยชั่วโมงที่ขอเบิกค่าสอน …. | H36: =M35+Q35 | I36: ….ชั่วโมง | K36: ยอดเงินรวม | P36: =S35+O35 | S36: ..บาท
A37: ผู้ขอเบิก | H37: ผู้รับรอง | M37: ผู้ตรวจ
A38: ลงชื่อ…………………………………………… | H38: ลงชื่อ…………………………………………… | M38: ลงชื่อ……………………………………………
A39: ( | B39: =B7 | G39: ) | H39: ( | I39: นายชำนาญ แก้วจงประสิทธิ์ | L39: ) | M39: ( | O39: นายทศวรรษ คำสม | S39: )
A40: ตำแหน่ง ครู | H40: ตำแหน่ง หัวหน้าแผนก | M40: ตำแหน่ง ผู้ตรวจสอบ
A41: วันที่ 22 เดือน กันยายน พ.ศ.2569 | H41: =A41 | M41: =A41
A42: ผู้ตรวจ | J42: ผู้เห็นชอบ
A43: ลงชื่อ…………………………………………… | J43: ลงชื่อ……………………………………………
B44: (นายศิวรักษ์ บุญประเสริฐ) | L44: (นายฉัตรชัย งาหอม)
A45: ตำแหน่งครู หัวหน้างานพัฒนาหลักสูตร ฯ | J45: ตำแหน่ง รองผู้อำนวยการฝ่ายวิชาการ
A46: วันที่.......เดือน..........................พ.ศ.............. | J46: วันที่.......เดือน..........................พ.ศ..............
A47: ใบเบิกจ่ายเงินค่าสอนพิเศษและค่าสอนเกินภาระงานสอนในสถานศึกษา
A48: แผนกวิชาช่างยนต์
A49: ระหว่างวันที่ | D49: =D3 | E49: เดือน | F49: =F3 | H49: =H3 | I49: ถึง วันที่ | J49: =J3 | K49: เดือน | L49: =L3 | N49: =N3
G50: ü | H50: ครู | I50: หน้าที่พิเศษ | J50: หัวงานทวิภาคี
A51: ที่ | B51: ชื่อ-สกุล | E51: ตำแหน่ง | F51: ระยะเวลาที่สอน | H51: รหัสวิชา | I51: ชั้น,แผนก,ห้อง | J51: เวลาสอน | L51: ปวช.(คาบ) | N51: เงิน | O51: ยอดเงิน | P51: ปวส.(คาบ) | R51: เงิน | S51: ยอดเงิน
F52: ส. | G52: วดป. | L52: ใน | M52: นอก | N52: ต่อ ชม. | O52: (บาท) | P52: ใน | Q52: นอก | R52: ต่อ ชม. | S52: (บาท)
A53: 2 | B53: =AB4 | E53: ครู | F53: 1 | G53: จันทร์ | H53: 20100-1006 | I53: ชย.1/6 (26) | J53: 08:10 - 12:10 | L53: 4
G54: 14 ก.ย.69 | H54: 20101-2008 | I54: ชย.2/2 (26) | J54: 13:10 - 17:10 | L54: 4
G58: อังคาร | H58: 20100-1006 | I58: ชย.1/8 (26) | J58: 08:10 - 12:10 | L58: 4
G59: 15 ก.ย.69
G63: พุธ | H63: 20101-2011 | I63: ชย.2/7 (26) | J63: 08:10 - 12:10 | L63: 4
G64: 16 ก.ย.69 | H64: 20101-2011 | I64: ชย.2/7 (26) | J64: 13:10 - 16:10 | M64: 3 | N64: 200 | O64: =M64*N64
G68: พฤหัส | H68: 20000-2008 | I68: ชย.ทวิ 3/9 (26) | J68: 13:10 - 15:10 | L68: 2
G69: 17 ก.ย.69 | H69: 20101-2050 | I69: ชย.ทวิ 3/9 (26) | J69: 19:10 - 21:10 | M69: 2 | N69: 200 | O69: =M69*N69
G73: ศุกร์ | H73: 20101-2017 | I73: ชย.ทวิ 3/9 (26) | J73: 17:10 - 21:10 | M73: 4 | N73: 200 | O73: =M73*N73
G74: 18 ก.ย.69
G78: รวมขั่วโมงที่สอนแยก ภาระงาน/ เกินภาระงาน | L78: =SUM(L53:L77) | M78: =SUM(M53:M77) | P78: =SUM(P53:P77) | Q78: =SUM(Q53:Q77)
G79: รวมจำนวนชั่วโมงสอนคาบต่อสับดาห์ | L79: =L78+M78 | P79: =P78+Q78
G80: จำนวนชั่วโมงสอนตามภาระงานสอน | L80: 12 | P80: 0
G81: จำนวนชั่วโมงบิกเกินภาระงานสอน/ค่าสอน | L81: 0 | M81: =SUM(M53:M77) | O81: =SUM(O53:O77) | P81: 0 | Q81: =SUM(Q53:Q77) | S81: =SUM(S53:S77)
A82: รวมจำนวนหน่วยชั่วโมงที่ขอเบิกค่าสอน …. | H82: =M81+Q81 | I82: ….ชั่วโมง | K82: ยอดเงินรวม | P82: =S81+O81 | S82: ..บาท
A83: ผู้ขอเบิก | H83: ผู้รับรอง | M83: ผู้ตรวจ
A84: ลงชื่อ…………………………………………… | H84: ลงชื่อ…………………………………………… | M84: ลงชื่อ……………………………………………
A85: ( | B85: =B53 | G85: ) | H85: ( | I85: =I39 | L85: ) | M85: ( | O85: =O39 | S85: )
A86: ตำแหน่ง ครู | H86: ตำแหน่ง หัวหน้าแผนก | M86: ตำแหน่ง ผู้ตรวจสอบ
A87: วันที่ 22 เดือน กันยายน พ.ศ.2569 | H87: =A41 | M87: =A41
A88: ผู้ตรวจ | J88: ผู้เห็นชอบ
A89: ลงชื่อ…………………………………………… | J89: ลงชื่อ……………………………………………
B90: =B44 | L90: =L44
A91: ตำแหน่งครู หัวหน้างานพัฒนาหลักสูตร ฯ | J91: ตำแหน่ง รองผู้อำนวยการฝ่ายวิชาการ
A92: วันที่.......เดือน..........................พ.ศ.............. | J92: วันที่.......เดือน..........................พ.ศ..............
A93: ใบเบิกจ่ายเงินค่าสอนพิเศษและค่าสอนเกินภาระงานสอนในสถานศึกษา
A94: แผนกวิชาช่างยนต์
A95: ระหว่างวันที่ | D95: =D3 | E95: เดือน | F95: =F3 | H95: =H3 | I95: ถึง วันที่ | J95: =J3 | K95: เดือน | L95: =L3 | N95: =N3
G96: ü | H96: ครู | I96: หน้าที่พิเศษ | J96: ผู้ช่วยงานกิจกรรมนักเรียนนักศึกษา, โครงการพิเศษและการบริการสังคม,
A97: ที่ | B97: ชื่อ-สกุล | E97: ตำแหน่ง | F97: ระยะเวลาที่สอน | H97: รหัสวิชา | I97: ชั้น,แผนก,ห้อง | J97: เวลาสอน | L97: ปวช.(คาบ) | N97: เงิน | O97: ยอดเงิน | P97: ปวส.(คาบ) | R97: เงิน | S97: ยอดเงิน
F98: ส. | G98: วดป. | L98: ใน | M98: นอก | N98: ต่อ ชม. | O98: (บาท) | P98: ใน | Q98: นอก | R98: ต่อ ชม. | S98: (บาท)
A99: 3 | B99: =AB5 | E99: ครู | F99: 1 | G99: จันทร์ | H99: 20101-2008 | I99: ชย.2/1 (26) | J99: 08:10 - 12:10 | L99: 4
G100: 14 ก.ย.69 | H100: 20100-1005 | I100: ชย.1/2 (26) | J100: 13:10 - 17:10 | L100: 4
G104: อังคาร | H104: 20101-2008 | I104: ชย.2/3 (26) | J104: 08:10 - 12:10 | L104: 4
G105: 15 ก.ย.69 | H105: 20100-1005 | I105: ชย.1/1 (26) | J105: 13:10 - 17:10 | L105: 4
G109: พุธ | H109: 20100-1005 | I109: ชย.1/4 (26) | J109: 08:10 - 12:10 | L109: 3 | M109: 1 | N109: 200 | O109: =M109*N109
G110: 16 ก.ย.69 | H110: 20143-2015 | I110: ชยฟ.3/1 (26) | J110: 13:10 - 17:10 | M110: 4 | N110: 200 | O110: =M110*N110
G114: พฤหัส | H114: 20101-2003 | I114: ชย.1/4 (26) | J114: 08:10 - 12:10 | M114: 4 | N114: 200 | O114: =M114*N114
G115: 17 ก.ย.69 | H115: 20000-2004 | I115: ชย.2/7,ชย.2/8,ชย.ทวิ 2/9 (26) | J115: 13:10 - 15:10 | L115: 2
H116: 20101-2003 | I116: ชย.1/4 (26) | J116: 15:10 - 18:10 | M116: 3 | N116: 200 | O116: =M116*N116
G119: ศุกร์
G120: 18 ก.ย.69
G124: รวมขั่วโมงที่สอนแยก ภาระงาน/ เกินภาระงาน | L124: =SUM(L99:L123) | M124: =SUM(M99:M123) | P124: =SUM(P99:P123) | Q124: =SUM(Q99:Q123)
G125: รวมจำนวนชั่วโมงสอนคาบต่อสับดาห์ | L125: =L124+M124 | P125: =P124+Q124
G126: จำนวนชั่วโมงสอนตามภาระงานสอน | L126: 18 | P126: 0
G127: จำนวนชั่วโมงบิกเกินภาระงานสอน/ค่าสอน | L127: 0 | M127: =SUM(M99:M123) | O127: =SUM(O99:O123) | P127: 0 | Q127: =SUM(Q99:Q123) | S127: =SUM(S99:S123)
A128: รวมจำนวนหน่วยชั่วโมงที่ขอเบิกค่าสอน …. | H128: =M127+Q127 | I128: ….ชั่วโมง | K128: ยอดเงินรวม | P128: =S127+O127 | S128: ..บาท
A129: ผู้ขอเบิก | H129: ผู้รับรอง | M129: ผู้ตรวจ
A130: ลงชื่อ…………………………………………… | H130: ลงชื่อ…………………………………………… | M130: ลงชื่อ……………………………………………
A131: ( | B131: =B99 | G131: ) | H131: ( | I131: =I85 | L131: ) | M131: ( | O131: =O39 | S131: )
A132: ตำแหน่ง ครู | H132: ตำแหน่ง หัวหน้าแผนก | M132: ตำแหน่ง ผู้ตรวจสอบ
A133: วันที่ 22 เดือน กันยายน พ.ศ.2569 | H133: =A41 | M133: =A41
A134: ผู้ตรวจ | J134: ผู้เห็นชอบ
A135: ลงชื่อ…………………………………………… | J135: ลงชื่อ……………………………………………
B136: =B44 | L136: =L44
A137: ตำแหน่งครู หัวหน้างานพัฒนาหลักสูตร ฯ | J137: ตำแหน่ง รองผู้อำนวยการฝ่ายวิชาการ
A138: วันที่.......เดือน..........................พ.ศ.............. | J138: วันที่.......เดือน..........................พ.ศ..............
A139: ใบเบิกจ่ายเงินค่าสอนพิเศษและค่าสอนเกินภาระงานสอนในสถานศึกษา
...

Sheet สัปดาห์ที่ 2
A1: ใบเบิกจ่ายเงินค่าสอนพิเศษและค่าสอนเกินภาระงานสอนในสถานศึกษา
A2: แผนกวิชาช่างยนต์ | Z2: ลำดับ | AB2: รายชื่อ | AE2: รวม ชม./ ส. | AH2: รวม ค่าสอน / สัปดาห์
A3: ระหว่างวันที่ | D3: 21 | E3: เดือน | F3: กันยายน | H3: พ.ศ. 2569 | I3: ถึง วันที่ | J3: 25 | K3: เดือน | L3: กันยายน | N3: พ.ศ. 2569 | Z3: 1 | AB3: นายชำนาญ แก้วจงประสิทธิ์ | AE3: 12 | AH3: 2400
G4: ü | H4: ครู | I4: หน้าที่พิเศษ | J4: หัวหน้าแผนกวิชาช่างยนต์ | Z4: 2 | AB4: นายวัชรัศนิ์ ไชยศาสตร์ | AE4: 12 | AH4: 2400
A5: ที่ | B5: ชื่อ-สกุล | E5: ตำแหน่ง | F5: ระยะเวลาที่สอน | H5: รหัสวิชา | I5: ชั้น,แผนก,ห้อง | J5: เวลาสอน | L5: ปวช.(คาบ) | N5: เงิน | O5: ยอดเงิน | P5: ปวส.(คาบ) | R5: เงิน | S5: ยอดเงิน | Z5: 3 | AB5: นายไพรัช น้อยแสง | AE5: 12 | AH5: 2400
F6: ส. | G6: วดป. | L6: ใน | M6: นอก | N6: ต่อ ชม. | O6: (บาท) | P6: ใน | Q6: นอก | R6: ต่อ ชม. | S6: (บาท) | Z6: 4 | AB6: นายจักรกฤษณ์ ปัญญา | AE6: 12 | AH6: 2400
A7: 1 | B7: =AB3 | E7: ครู | F7: 2 | G7: จันทร์ | H7: หยุด | O7: =M7*N7 | S7: =Q7*R7 | Z7: 5 | AB7: นายพลกฤต น้อยเกิด | AE7: 12 | AH7: 2400
G8: 21 ก.ย.69 | O8: =M8*N8 | S8: =Q8*R8 | Z8: 6 | AB8: นายพงษ์พัฒน์ พิมพ์ปรุ | AE8: 12 | AH8: 2400
O9: =M9*N9 | S9: =Q9*R9 | Z9: 7 | AB9: นายพงศ์ศิริ ธรรมาวุฒิ | AE9: 12 | AH9: 2400
O10: =M10*N10 | S10: =Q10*R10 | Z10: 8 | AB10: นายศุภเดช เมืองเงิน | AE10: 12 | AH10: 2400
O11: =M11*N11 | S11: =Q11*R11 | Z11: 9 | AB11: นายณัฐพงศ์ จันทร์แดง | AE11: 12 | AH11: 2400
G12: อังคาร | H12: 20101-2010 | I12: ชย.2/7 (26) | J12: 08:10 - 12:10 | L12: 4 | Z12: 10 | AB12: นายมนตรี ทิมสุข | AE12: 12 | AH12: 2400
G13: 22 ก.ย.69 | H13: 20101-2010 | I13: ชย.2/7 (26) | J13: 13:10 - 16:10 | L13: 3 | Z13: 11 | AB13: นางสาวจิราพร พิมเสน | AE13: 12 | AH13: 2400
H14: 20101-2018 | I14: ชย.3/3 (26) | J14: 17:10 - 20:10 | L14: 3 | Z14: 12 | AB14: นายสมชาย อุประ | AE14: 12 | AH14: 2400
Z15: 13 | AB15: นายสถาปนิก คุ้มสะอาด | AE15: 12 | AH15: 2400
G17: พุธ | H17: 20101-2010 | I17: ชย.2/6 (26) | J17: 08:10 - 12:10 | L17: 2 | M17: 2 | N17: 200 | O17: =M17*N17
G18: 23 ก.ย.69 | H18: 20101-2010 | I18: ชย.2/6 (26) | J18: 13:10 - 16:10 | M18: 3 | N18: 200 | O18: =M18*N18
G22: พฤหัส | H22: 20101-2010 | I22: ชย.2/5 (26) | J22: 08:10 - 12:10 | M22: 4 | N22: 200 | O22: =M22*N22
G23: 24 ก.ย.69 | H23: 20101-2010 | I23: ชย.2/5 (26) | J23: 15:10 - 18:10 | M23: 3 | N23: 200 | O23: =M23*N23
G27: ศุกร์
G28: 25 ก.ย.69
G32: รวมขั่วโมงที่สอนแยก ภาระงาน/ เกินภาระงาน | L32: =SUM(L7:L31) | M32: =SUM(M7:M31) | P32: =SUM(P7:P31) | Q32: =SUM(Q7:Q31)
G33: รวมจำนวนชั่วโมงสอนคาบต่อสับดาห์ | L33: =L32+M32 | P33: =P32+Q32
G34: จำนวนชั่วโมงสอนตามภาระงานสอน | L34: 12 | P34: 0
G35: จำนวนชั่วโมงบิกเกินภาระงานสอน/ค่าสอน | L35: 0 | M35: =SUM(M7:M31) | O35: =SUM(O7:O31) | P35: 0 | Q35: =SUM(Q7:Q31) | S35: =SUM(S7:S31)
A36: รวมจำนวนหน่วยชั่วโมงที่ขอเบิกค่าสอน …. | H36: =M35+Q35 | I36: ….ชั่วโมง | K36: ยอดเงินรวม | P36: =S35+O35 | S36: ..บาท
A37: ผู้ขอเบิก | H37: ผู้รับรอง | M37: ผู้ตรวจ
A38: ลงชื่อ…………………………………………… | H38: ลงชื่อ…………………………………………… | M38: ลงชื่อ……………………………………………
A39: ( | B39: =B7 | G39: ) | H39: ( | I39: นายชำนาญ แก้วจงประสิทธิ์ | L39: ) | M39: ( | O39: นายทศวรรษ คำสม | S39: )
A40: ตำแหน่ง ครู | H40: ตำแหน่ง หัวหน้าแผนก | M40: ตำแหน่ง ผู้ตรวจสอบ
A41: วันที่ 28 เดือน กันยายน พ.ศ.2569 | H41: =A41 | M41: =A41
A42: ผู้ตรวจ | J42: ผู้เห็นชอบ
A43: ลงชื่อ…………………………………………… | J43: ลงชื่อ……………………………………………
B44: (นายศิวรักษ์ บุญประเสริฐ) | L44: (นายฉัตรชัย งาหอม)
A45: ตำแหน่งครู หัวหน้างานพัฒนาหลักสูตร ฯ | J45: ตำแหน่ง รองผู้อำนวยการฝ่ายวิชาการ
A46: วันที่.......เดือน..........................พ.ศ.............. | J46: วันที่.......เดือน..........................พ.ศ..............
A47: ใบเบิกจ่ายเงินค่าสอนพิเศษและค่าสอนเกินภาระงานสอนในสถานศึกษา
A48: แผนกวิชาช่างยนต์
A49: ระหว่างวันที่ | D49: =D3 | E49: เดือน | F49: =F3 | H49: =H3 | I49: ถึง วันที่ | J49: =J3 | K49: เดือน | L49: =L3 | N49: =N3
G50: ü | H50: ครู | I50: หน้าที่พิเศษ | J50: หัวงานทวิภาคี
A51: ที่ | B51: ชื่อ-สกุล | E51: ตำแหน่ง | F51: ระยะเวลาที่สอน | H51: รหัสวิชา | I51: ชั้น,แผนก,ห้อง | J51: เวลาสอน | L51: ปวช.(คาบ) | N51: เงิน | O51: ยอดเงิน | P51: ปวส.(คาบ) | R51: เงิน | S51: ยอดเงิน
F52: ส. | G52: วดป. | L52: ใน | M52: นอก | N52: ต่อ ชม. | O52: (บาท) | P52: ใน | Q52: นอก | R52: ต่อ ชม. | S52: (บาท)
A53: 2 | B53: =AB4 | E53: ครู | F53: 2 | G53: จันทร์ | H53: หยุด | O53: =M53*N53 | S53: =Q53*R53
G54: 21 ก.ย.69 | O54: =M54*N54 | S54: =Q54*R54
O55: =M55*N55 | S55: =Q55*R55
O56: =M56*N56 | S56: =Q56*R56
O57: =M57*N57 | S57: =Q57*R57
G58: อังคาร | H58: 20100-1006 | I58: ชย.1/8 (26) | J58: 08:10 - 12:10 | L58: 4
G59: 22 ก.ย.69
G63: พุธ | H63: 20101-2011 | I63: ชย.2/7 (26) | J63: 08:10 - 12:10 | L63: 4
G64: 23 ก.ย.69 | H64: 20101-2011 | I64: ชย.2/7 (26) | J64: 13:10 - 16:10 | M64: 3 | N64: 200 | O64: =M64*N64
G68: พฤหัส | H68: 20000-2008 | I68: ชย.ทวิ 3/9 (26) | J68: 13:10 - 15:10 | L68: 2
G69: 24 ก.ย.69 | H69: 20101-2050 | I69: ชย.ทวิ 3/9 (26) | J69: 19:10 - 21:10 | M69: 2 | N69: 200 | O69: =M69*N69
G73: ศุกร์ | H73: 20101-2017 | I73: ชย.ทวิ 3/9 (26) | J73: 17:10 - 21:10 | M73: 4 | N73: 200 | O73: =M73*N73
G74: 25 ก.ย.69
G78: รวมขั่วโมงที่สอนแยก ภาระงาน/ เกินภาระงาน | L78: =SUM(L53:L77) | M78: =SUM(M53:M77) | P78: =SUM(P53:P77) | Q78: =SUM(Q53:Q77)
G79: รวมจำนวนชั่วโมงสอนคาบต่อสับดาห์ | L79: =L78+M78 | P79: =P78+Q78
G80: จำนวนชั่วโมงสอนตามภาระงานสอน | L80: 12 | P80: 0
G81: จำนวนชั่วโมงบิกเกินภาระงานสอน/ค่าสอน | L81: 0 | M81: =SUM(M53:M77) | O81: =SUM(O53:O77) | P81: 0 | Q81: =SUM(Q53:Q77) | S81: =SUM(S53:S77)
A82: รวมจำนวนหน่วยชั่วโมงที่ขอเบิกค่าสอน …. | H82: =M81+Q81 | I82: ….ชั่วโมง | K82: ยอดเงินรวม | P82: =S81+O81 | S82: ..บาท
A83: ผู้ขอเบิก | H83: ผู้รับรอง | M83: ผู้ตรวจ
A84: ลงชื่อ…………………………………………… | H84: ลงชื่อ…………………………………………… | M84: ลงชื่อ……………………………………………
A85: ( | B85: =B53 | G85: ) | H85: ( | I85: =I39 | L85: ) | M85: ( | O85: =O39 | S85: )
A86: ตำแหน่ง ครู | H86: ตำแหน่ง หัวหน้าแผนก | M86: ตำแหน่ง ผู้ตรวจสอบ
A87: วันที่ 28 เดือน กันยายน พ.ศ.2569 | H87: =A41 | M87: =A41
A88: ผู้ตรวจ | J88: ผู้เห็นชอบ
A89: ลงชื่อ…………………………………………… | J89: ลงชื่อ……………………………………………
B90: =B44 | L90: =L44
A91: ตำแหน่งครู หัวหน้างานพัฒนาหลักสูตร ฯ | J91: ตำแหน่ง รองผู้อำนวยการฝ่ายวิชาการ
A92: วันที่.......เดือน..........................พ.ศ.............. | J92: วันที่.......เดือน..........................พ.ศ..............
A93: ใบเบิกจ่ายเงินค่าสอนพิเศษและค่าสอนเกินภาระงานสอนในสถานศึกษา
A94: แผนกวิชาช่างยนต์
A95: ระหว่างวันที่ | D95: =D3 | E95: เดือน | F95: =F3 | H95: =H3 | I95: ถึง วันที่ | J95: =J3 | K95: เดือน | L95: =L3 | N95: =N3
G96: ü | H96: ครู | I96: หน้าที่พิเศษ | J96: ผู้ช่วยงานกิจกรรมนักเรียนนักศึกษา, โครงการพิเศษและการบริการสังคม,
A97: ที่ | B97: ชื่อ-สกุล | E97: ตำแหน่ง | F97: ระยะเวลาที่สอน | H97: รหัสวิชา | I97: ชั้น,แผนก,ห้อง | J97: เวลาสอน | L97: ปวช.(คาบ) | N97: เงิน | O97: ยอดเงิน | P97: ปวส.(คาบ) | R97: เงิน | S97: ยอดเงิน
F98: ส. | G98: วดป. | L98: ใน | M98: นอก | N98: ต่อ ชม. | O98: (บาท) | P98: ใน | Q98: นอก | R98: ต่อ ชม. | S98: (บาท)
A99: 3 | B99: =AB5 | E99: ครู | F99: 2 | G99: จันทร์ | H99: หยุด | O99: =M99*N99 | S99: =Q99*R99
G100: 21 ก.ย.69 | O100: =M100*N100 | S100: =Q100*R100
O101: =M101*N101 | S101: =Q101*R101
O102: =M102*N102 | S102: =Q102*R102
O103: =M103*N103 | S103: =Q103*R103
G104: อังคาร | H104: 20101-2008 | I104: ชย.2/3 (26) | J104: 08:10 - 12:10 | L104: 4
G105: 22 ก.ย.69 | H105: 20100-1005 | I105: ชย.1/1 (26) | J105: 13:10 - 17:10 | L105: 4
G109: พุธ | H109: 20100-1005 | I109: ชย.1/4 (26) | J109: 08:10 - 12:10 | L109: 3 | M109: 1 | N109: 200 | O109: =M109*N109
G110: 23 ก.ย.69 | H110: 20143-2015 | I110: ชยฟ.3/1 (26) | J110: 13:10 - 17:10 | M110: 4 | N110: 200 | O110: =M110*N110
G114: พฤหัส | H114: 20101-2003 | I114: ชย.1/4 (26) | J114: 08:10 - 12:10 | M114: 4 | N114: 200 | O114: =M114*N114
G115: 24 ก.ย.69 | H115: 20000-2004 | I115: ชย.2/7,ชย.2/8,ชย.ทวิ 2/9 (26) | J115: 13:10 - 15:10 | L115: 2
H116: 20101-2003 | I116: ชย.1/4 (26) | J116: 15:10 - 18:10 | M116: 3 | N116: 200 | O116: =M116*N116
G119: ศุกร์
G120: 25 ก.ย.69
G124: รวมขั่วโมงที่สอนแยก ภาระงาน/ เกินภาระงาน | L124: =SUM(L99:L123) | M124: =SUM(M99:M123) | P124: =SUM(P99:P123) | Q124: =SUM(Q99:Q123)
G125: รวมจำนวนชั่วโมงสอนคาบต่อสับดาห์ | L125: =L124+M124 | P125: =P124+Q124
G126: จำนวนชั่วโมงสอนตามภาระงานสอน | L126: 18 | P126: 0
G127: จำนวนชั่วโมงบิกเกินภาระงานสอน/ค่าสอน | L127: 0 | M127: =SUM(M99:M123) | O127: =SUM(O99:O123) | P127: 0 | Q127: =SUM(Q99:Q123) | S127: =SUM(S99:S123)
A128: รวมจำนวนหน่วยชั่วโมงที่ขอเบิกค่าสอน …. | H128: =M127+Q127 | I128: ….ชั่วโมง | K128: ยอดเงินรวม | P128: =S127+O127 | S128: ..บาท
A129: ผู้ขอเบิก | H129: ผู้รับรอง | M129: ผู้ตรวจ
A130: ลงชื่อ…………………………………………… | H130: ลงชื่อ…………………………………………… | M130: ลงชื่อ……………………………………………
A131: ( | B131: =B99 | G131: ) | H131: ( | I131: =I85 | L131: ) | M131: ( | O131: =O39 | S131: )
A132: ตำแหน่ง ครู | H132: ตำแหน่ง หัวหน้าแผนก | M132: ตำแหน่ง ผู้ตรวจสอบ
A133: วันที่ 28 เดือน กันยายน พ.ศ.2569 | H133: =A41 | M133: =A41
...

Sheet สัปดาห์ที่ 3
A1: ใบเบิกจ่ายเงินค่าสอนพิเศษและค่าสอนเกินภาระงานสอนในสถานศึกษา
A2: แผนกวิชาช่างยนต์ | Z2: ลำดับ | AB2: รายชื่อ | AE2: รวม ชม./ ส. | AH2: รวม ค่าสอน / สัปดาห์
A3: ระหว่างวันที่ | D3: 28 | E3: เดือน | F3: กันยายน | H3: พ.ศ. 2569 | I3: ถึง วันที่ | J3: 2 | K3: เดือน | L3: ตุลาคม | N3: พ.ศ. 2569 | Z3: 1 | AB3: นายชำนาญ แก้วจงประสิทธิ์ | AE3: 12 | AH3: 2400
G4: ü | H4: ครู | I4: หน้าที่พิเศษ | J4: หัวหน้าแผนกวิชาช่างยนต์ | Z4: 2 | AB4: นายวัชรัศนิ์ ไชยศาสตร์ | AE4: 12 | AH4: 2400
A5: ที่ | B5: ชื่อ-สกุล | E5: ตำแหน่ง | F5: ระยะเวลาที่สอน | H5: รหัสวิชา | I5: ชั้น,แผนก,ห้อง | J5: เวลาสอน | L5: ปวช.(คาบ) | N5: เงิน | O5: ยอดเงิน | P5: ปวส.(คาบ) | R5: เงิน | S5: ยอดเงิน | Z5: 3 | AB5: นายไพรัช น้อยแสง | AE5: 12 | AH5: 2400
F6: ส. | G6: วดป. | L6: ใน | M6: นอก | N6: ต่อ ชม. | O6: (บาท) | P6: ใน | Q6: นอก | R6: ต่อ ชม. | S6: (บาท) | Z6: 4 | AB6: นายจักรกฤษณ์ ปัญญา | AE6: 12 | AH6: 2400
A7: 1 | B7: =AB3 | E7: ครู | F7: 3 | G7: จันทร์ | H7: 20101-2018 | I7: ชย.3/3 (26) | J7: 17:10 - 21:10 | L7: 4 | Z7: 5 | AB7: นายพลกฤต น้อยเกิด | AE7: 12 | AH7: 2400
G8: 28 ก.ย.69 | Z8: 6 | AB8: นายพงษ์พัฒน์ พิมพ์ปรุ | AE8: 12 | AH8: 2400
Z9: 7 | AB9: นายพงศ์ศิริ ธรรมาวุฒิ | AE9: 12 | AH9: 2400
Z10: 8 | AB10: นายศุภเดช เมืองเงิน | AE10: 12 | AH10: 2400
Z11: 9 | AB11: นายณัฐพงศ์ จันทร์แดง | AE11: 12 | AH11: 2400
G12: อังคาร | H12: 20101-2010 | I12: ชย.2/7 (26) | J12: 08:10 - 12:10 | L12: 4 | Z12: 10 | AB12: นายมนตรี ทิมสุข | AE12: 12 | AH12: 2400
G13: 29 ก.ย.69 | H13: 20101-2010 | I13: ชย.2/7 (26) | J13: 13:10 - 16:10 | L13: 3 | Z13: 11 | AB13: นางสาวจิราพร พิมเสน | AE13: 12 | AH13: 2400
H14: 20101-2018 | I14: ชย.3/3 (26) | J14: 17:10 - 20:10 | L14: 3 | Z14: 12 | AB14: นายสมชาย อุประ | AE14: 12 | AH14: 2400
Z15: 13 | AB15: นายสถาปนิก คุ้มสะอาด | AE15: 12 | AH15: 2400
G17: พุธ | H17: 20101-2010 | I17: ชย.2/6 (26) | J17: 08:10 - 12:10 | L17: 2 | M17: 2 | N17: 200 | O17: =M17*N17
G18: 30 ก.ย.69 | H18: 20101-2010 | I18: ชย.2/6 (26) | J18: 13:10 - 16:10 | M18: 3 | N18: 200 | O18: =M18*N18
G22: พฤหัส | H22: 20101-2010 | I22: ชย.2/5 (26) | J22: 08:10 - 12:10 | M22: 4 | N22: 200 | O22: =M22*N22
G23: 1 ต.ค.69 | H23: 20101-2010 | I23: ชย.2/5 (26) | J23: 15:10 - 18:10 | M23: 3 | N23: 200 | O23: =M23*N23
G27: ศุกร์
G28: 2 ต.ค.69
G32: รวมขั่วโมงที่สอนแยก ภาระงาน/ เกินภาระงาน | L32: =SUM(L7:L31) | M32: =SUM(M7:M31) | P32: =SUM(P7:P31) | Q32: =SUM(Q7:Q31)
G33: รวมจำนวนชั่วโมงสอนคาบต่อสับดาห์ | L33: =L32+M32 | P33: =P32+Q32
G34: จำนวนชั่วโมงสอนตามภาระงานสอน | L34: 12 | P34: 0
G35: จำนวนชั่วโมงบิกเกินภาระงานสอน/ค่าสอน | L35: 0 | M35: =SUM(M7:M31) | O35: =SUM(O7:O31) | P35: 0 | Q35: =SUM(Q7:Q31) | S35: =SUM(S7:S31)
A36: รวมจำนวนหน่วยชั่วโมงที่ขอเบิกค่าสอน …. | H36: =M35+Q35 | I36: ….ชั่วโมง | K36: ยอดเงินรวม | P36: =S35+O35 | S36: ..บาท
A37: ผู้ขอเบิก | H37: ผู้รับรอง | M37: ผู้ตรวจ
A38: ลงชื่อ…………………………………………… | H38: ลงชื่อ…………………………………………… | M38: ลงชื่อ……………………………………………
A39: ( | B39: =B7 | G39: ) | H39: ( | I39: นายชำนาญ แก้วจงประสิทธิ์ | L39: ) | M39: ( | O39: นายทศวรรษ คำสม | S39: )
A40: ตำแหน่ง ครู | H40: ตำแหน่ง หัวหน้าแผนก | M40: ตำแหน่ง ผู้ตรวจสอบ
A41: วันที่ 5 เดือน ตุลาคม พ.ศ.2569 | H41: =A41 | M41: =A41
A42: ผู้ตรวจ | J42: ผู้เห็นชอบ
A43: ลงชื่อ…………………………………………… | J43: ลงชื่อ……………………………………………
B44: (นายศิวรักษ์ บุญประเสริฐ) | L44: (นายฉัตรชัย งาหอม)
A45: ตำแหน่งครู หัวหน้างานพัฒนาหลักสูตร ฯ | J45: ตำแหน่ง รองผู้อำนวยการฝ่ายวิชาการ
A46: วันที่.......เดือน..........................พ.ศ.............. | J46: วันที่.......เดือน..........................พ.ศ..............
A47: ใบเบิกจ่ายเงินค่าสอนพิเศษและค่าสอนเกินภาระงานสอนในสถานศึกษา
A48: แผนกวิชาช่างยนต์
A49: ระหว่างวันที่ | D49: =D3 | E49: เดือน | F49: =F3 | H49: =H3 | I49: ถึง วันที่ | J49: =J3 | K49: เดือน | L49: =L3 | N49: =N3
G50: ü | H50: ครู | I50: หน้าที่พิเศษ | J50: หัวงานทวิภาคี
A51: ที่ | B51: ชื่อ-สกุล | E51: ตำแหน่ง | F51: ระยะเวลาที่สอน | H51: รหัสวิชา | I51: ชั้น,แผนก,ห้อง | J51: เวลาสอน | L51: ปวช.(คาบ) | N51: เงิน | O51: ยอดเงิน | P51: ปวส.(คาบ) | R51: เงิน | S51: ยอดเงิน
F52: ส. | G52: วดป. | L52: ใน | M52: นอก | N52: ต่อ ชม. | O52: (บาท) | P52: ใน | Q52: นอก | R52: ต่อ ชม. | S52: (บาท)
A53: 2 | B53: =AB4 | E53: ครู | F53: 3 | G53: จันทร์ | H53: 20100-1006 | I53: ชย.1/6 (26) | J53: 08:10 - 12:10 | L53: 4
G54: 28 ก.ย.69 | H54: 20101-2008 | I54: ชย.2/2 (26) | J54: 13:10 - 17:10 | L54: 4
G58: อังคาร | H58: 20100-1006 | I58: ชย.1/8 (26) | J58: 08:10 - 12:10 | L58: 4
G59: 29 ก.ย.69
G63: พุธ | H63: 20101-2011 | I63: ชย.2/7 (26) | J63: 08:10 - 12:10 | L63: 4
G64: 30 ก.ย.69 | H64: 20101-2011 | I64: ชย.2/7 (26) | J64: 13:10 - 16:10 | M64: 3 | N64: 200 | O64: =M64*N64
G68: พฤหัส | H68: 20000-2008 | I68: ชย.ทวิ 3/9 (26) | J68: 13:10 - 15:10 | L68: 2
G69: 1 ต.ค.69 | H69: 20101-2050 | I69: ชย.ทวิ 3/9 (26) | J69: 19:10 - 21:10 | M69: 2 | N69: 200 | O69: =M69*N69
G73: ศุกร์ | H73: 20101-2017 | I73: ชย.ทวิ 3/9 (26) | J73: 17:10 - 21:10 | M73: 4 | N73: 200 | O73: =M73*N73
G74: 2 ต.ค.69
G78: รวมขั่วโมงที่สอนแยก ภาระงาน/ เกินภาระงาน | L78: =SUM(L53:L77) | M78: =SUM(M53:M77) | P78: =SUM(P53:P77) | Q78: =SUM(Q53:Q77)
G79: รวมจำนวนชั่วโมงสอนคาบต่อสับดาห์ | L79: =L78+M78 | P79: =P78+Q78
G80: จำนวนชั่วโมงสอนตามภาระงานสอน | L80: 12 | P80: 0
G81: จำนวนชั่วโมงบิกเกินภาระงานสอน/ค่าสอน | L81: 0 | M81: =SUM(M53:M77) | O81: =SUM(O53:O77) | P81: 0 | Q81: =SUM(Q53:Q77) | S81: =SUM(S53:S77)
A82: รวมจำนวนหน่วยชั่วโมงที่ขอเบิกค่าสอน …. | H82: =M81+Q81 | I82: ….ชั่วโมง | K82: ยอดเงินรวม | P82: =S81+O81 | S82: ..บาท
A83: ผู้ขอเบิก | H83: ผู้รับรอง | M83: ผู้ตรวจ
A84: ลงชื่อ…………………………………………… | H84: ลงชื่อ…………………………………………… | M84: ลงชื่อ……………………………………………
A85: ( | B85: =B53 | G85: ) | H85: ( | I85: =I39 | L85: ) | M85: ( | O85: =O39 | S85: )
A86: ตำแหน่ง ครู | H86: ตำแหน่ง หัวหน้าแผนก | M86: ตำแหน่ง ผู้ตรวจสอบ
A87: วันที่ 5 เดือน ตุลาคม พ.ศ.2569 | H87: =A41 | M87: =A41
A88: ผู้ตรวจ | J88: ผู้เห็นชอบ
A89: ลงชื่อ…………………………………………… | J89: ลงชื่อ……………………………………………
B90: =B44 | L90: =L44
A91: ตำแหน่งครู หัวหน้างานพัฒนาหลักสูตร ฯ | J91: ตำแหน่ง รองผู้อำนวยการฝ่ายวิชาการ
A92: วันที่.......เดือน..........................พ.ศ.............. | J92: วันที่.......เดือน..........................พ.ศ..............
A93: ใบเบิกจ่ายเงินค่าสอนพิเศษและค่าสอนเกินภาระงานสอนในสถานศึกษา
A94: แผนกวิชาช่างยนต์
A95: ระหว่างวันที่ | D95: =D3 | E95: เดือน | F95: =F3 | H95: =H3 | I95: ถึง วันที่ | J95: =J3 | K95: เดือน | L95: =L3 | N95: =N3
G96: ü | H96: ครู | I96: หน้าที่พิเศษ | J96: ผู้ช่วยงานกิจกรรมนักเรียนนักศึกษา, โครงการพิเศษและการบริการสังคม,
A97: ที่ | B97: ชื่อ-สกุล | E97: ตำแหน่ง | F97: ระยะเวลาที่สอน | H97: รหัสวิชา | I97: ชั้น,แผนก,ห้อง | J97: เวลาสอน | L97: ปวช.(คาบ) | N97: เงิน | O97: ยอดเงิน | P97: ปวส.(คาบ) | R97: เงิน | S97: ยอดเงิน
F98: ส. | G98: วดป. | L98: ใน | M98: นอก | N98: ต่อ ชม. | O98: (บาท) | P98: ใน | Q98: นอก | R98: ต่อ ชม. | S98: (บาท)
A99: 3 | B99: =AB5 | E99: ครู | F99: 3 | G99: จันทร์ | H99: 20101-2008 | I99: ชย.2/1 (26) | J99: 08:10 - 12:10 | L99: 4
G100: 28 ก.ย.69 | H100: 20100-1005 | I100: ชย.1/2 (26) | J100: 13:10 - 17:10 | L100: 4
G104: อังคาร | H104: 20101-2008 | I104: ชย.2/3 (26) | J104: 08:10 - 12:10 | L104: 4
G105: 29 ก.ย.69 | H105: 20100-1005 | I105: ชย.1/1 (26) | J105: 13:10 - 17:10 | L105: 4
G109: พุธ | H109: 20100-1005 | I109: ชย.1/4 (26) | J109: 08:10 - 12:10 | L109: 3 | M109: 1 | N109: 200 | O109: =M109*N109
G110: 30 ก.ย.69 | H110: 20143-2015 | I110: ชยฟ.3/1 (26) | J110: 13:10 - 17:10 | M110: 4 | N110: 200 | O110: =M110*N110
G114: พฤหัส | H114: 20101-2003 | I114: ชย.1/4 (26) | J114: 08:10 - 12:10 | M114: 4 | N114: 200 | O114: =M114*N114
G115: 1 ต.ค.69 | H115: 20000-2004 | I115: ชย.2/7,ชย.2/8,ชย.ทวิ 2/9 (26) | J115: 13:10 - 15:10 | L115: 2
H116: 20101-2003 | I116: ชย.1/4 (26) | J116: 15:10 - 18:10 | M116: 3 | N116: 200 | O116: =M116*N116
G119: ศุกร์
G120: 2 ต.ค.69
G124: รวมขั่วโมงที่สอนแยก ภาระงาน/ เกินภาระงาน | L124: =SUM(L99:L123) | M124: =SUM(M99:M123) | P124: =SUM(P99:P123) | Q124: =SUM(Q99:Q123)
G125: รวมจำนวนชั่วโมงสอนคาบต่อสับดาห์ | L125: =L124+M124 | P125: =P124+Q124
G126: จำนวนชั่วโมงสอนตามภาระงานสอน | L126: 18 | P126: 0
G127: จำนวนชั่วโมงบิกเกินภาระงานสอน/ค่าสอน | L127: 0 | M127: =SUM(M99:M123) | O127: =SUM(O99:O123) | P127: 0 | Q127: =SUM(Q99:Q123) | S127: =SUM(S99:S123)
A128: รวมจำนวนหน่วยชั่วโมงที่ขอเบิกค่าสอน …. | H128: =M127+Q127 | I128: ….ชั่วโมง | K128: ยอดเงินรวม | P128: =S127+O127 | S128: ..บาท
A129: ผู้ขอเบิก | H129: ผู้รับรอง | M129: ผู้ตรวจ
A130: ลงชื่อ…………………………………………… | H130: ลงชื่อ…………………………………………… | M130: ลงชื่อ……………………………………………
A131: ( | B131: =B99 | G131: ) | H131: ( | I131: =I85 | L131: ) | M131: ( | O131: =O39 | S131: )
A132: ตำแหน่ง ครู | H132: ตำแหน่ง หัวหน้าแผนก | M132: ตำแหน่ง ผู้ตรวจสอบ
A133: วันที่ 5 เดือน ตุลาคม พ.ศ.2569 | H133: =A41 | M133: =A41
A134: ผู้ตรวจ | J134: ผู้เห็นชอบ
A135: ลงชื่อ…………………………………………… | J135: ลงชื่อ……………………………………………
B136: =B44 | L136: =L44
A137: ตำแหน่งครู หัวหน้างานพัฒนาหลักสูตร ฯ | J137: ตำแหน่ง รองผู้อำนวยการฝ่ายวิชาการ
A138: วันที่.......เดือน..........................พ.ศ.............. | J138: วันที่.......เดือน..........................พ.ศ..............
A139: ใบเบิกจ่ายเงินค่าสอนพิเศษและค่าสอนเกินภาระงานสอนในสถานศึกษา
...

Sheet สัปดาห์ที่ 4
A1: ใบเบิกจ่ายเงินค่าสอนพิเศษและค่าสอนเกินภาระงานสอนในสถานศึกษา
A2: แผนกวิชาช่างยนต์ | Z2: ลำดับ | AB2: รายชื่อ | AE2: รวม ชม./ ส. | AH2: รวม ค่าสอน / สัปดาห์
A3: ระหว่างวันที่ | D3: 5 | E3: เดือน | F3: ตุลาคม | H3: พ.ศ. 2569 | I3: ถึง วันที่ | J3: 9 | K3: เดือน | L3: ตุลาคม | N3: พ.ศ. 2569 | Z3: 1 | AB3: นายชำนาญ แก้วจงประสิทธิ์ | AE3: 12 | AH3: 2400
G4: ü | H4: ครู | I4: หน้าที่พิเศษ | J4: หัวหน้าแผนกวิชาช่างยนต์ | Z4: 2 | AB4: นายวัชรัศนิ์ ไชยศาสตร์ | AE4: 12 | AH4: 2400
A5: ที่ | B5: ชื่อ-สกุล | E5: ตำแหน่ง | F5: ระยะเวลาที่สอน | H5: รหัสวิชา | I5: ชั้น,แผนก,ห้อง | J5: เวลาสอน | L5: ปวช.(คาบ) | N5: เงิน | O5: ยอดเงิน | P5: ปวส.(คาบ) | R5: เงิน | S5: ยอดเงิน | Z5: 3 | AB5: นายไพรัช น้อยแสง | AE5: 12 | AH5: 2400
F6: ส. | G6: วดป. | L6: ใน | M6: นอก | N6: ต่อ ชม. | O6: (บาท) | P6: ใน | Q6: นอก | R6: ต่อ ชม. | S6: (บาท) | Z6: 4 | AB6: นายจักรกฤษณ์ ปัญญา | AE6: 12 | AH6: 2400
A7: 1 | B7: =AB3 | E7: ครู | F7: 4 | G7: จันทร์ | H7: 20101-2018 | I7: ชย.3/3 (26) | J7: 17:10 - 21:10 | L7: 4 | Z7: 5 | AB7: นายพลกฤต น้อยเกิด | AE7: 12 | AH7: 2400
G8: 5 ต.ค.69 | Z8: 6 | AB8: นายพงษ์พัฒน์ พิมพ์ปรุ | AE8: 12 | AH8: 2400
Z9: 7 | AB9: นายพงศ์ศิริ ธรรมาวุฒิ | AE9: 12 | AH9: 2400
Z10: 8 | AB10: นายศุภเดช เมืองเงิน | AE10: 12 | AH10: 2400
Z11: 9 | AB11: นายณัฐพงศ์ จันทร์แดง | AE11: 12 | AH11: 2400
G12: อังคาร | H12: 20101-2010 | I12: ชย.2/7 (26) | J12: 08:10 - 12:10 | L12: 4 | Z12: 10 | AB12: นายมนตรี ทิมสุข | AE12: 12 | AH12: 2400
G13: 6 ต.ค.69 | H13: 20101-2010 | I13: ชย.2/7 (26) | J13: 13:10 - 16:10 | L13: 3 | Z13: 11 | AB13: นางสาวจิราพร พิมเสน | AE13: 12 | AH13: 2400
H14: 20101-2018 | I14: ชย.3/3 (26) | J14: 17:10 - 20:10 | L14: 3 | Z14: 12 | AB14: นายสมชาย อุประ | AE14: 12 | AH14: 2400
Z15: 13 | AB15: นายสถาปนิก คุ้มสะอาด | AE15: 12 | AH15: 2400
G17: พุธ | H17: 20101-2010 | I17: ชย.2/6 (26) | J17: 08:10 - 12:10 | L17: 2 | M17: 2 | N17: 200 | O17: =M17*N17
G18: 7 ต.ค.69 | H18: 20101-2010 | I18: ชย.2/6 (26) | J18: 13:10 - 16:10 | M18: 3 | N18: 200 | O18: =M18*N18
G22: พฤหัส | H22: 20101-2010 | I22: ชย.2/5 (26) | J22: 08:10 - 12:10 | M22: 4 | N22: 200 | O22: =M22*N22
G23: 8 ต.ค.69 | H23: 20101-2010 | I23: ชย.2/5 (26) | J23: 15:10 - 18:10 | M23: 3 | N23: 200 | O23: =M23*N23
G27: ศุกร์
G28: 9 ต.ค.69
G32: รวมขั่วโมงที่สอนแยก ภาระงาน/ เกินภาระงาน | L32: =SUM(L7:L31) | M32: =SUM(M7:M31) | P32: =SUM(P7:P31) | Q32: =SUM(Q7:Q31)
G33: รวมจำนวนชั่วโมงสอนคาบต่อสับดาห์ | L33: =L32+M32 | P33: =P32+Q32
G34: จำนวนชั่วโมงสอนตามภาระงานสอน | L34: 12 | P34: 0
G35: จำนวนชั่วโมงบิกเกินภาระงานสอน/ค่าสอน | L35: 0 | M35: =SUM(M7:M31) | O35: =SUM(O7:O31) | P35: 0 | Q35: =SUM(Q7:Q31) | S35: =SUM(S7:S31)
A36: รวมจำนวนหน่วยชั่วโมงที่ขอเบิกค่าสอน …. | H36: =M35+Q35 | I36: ….ชั่วโมง | K36: ยอดเงินรวม | P36: =S35+O35 | S36: ..บาท
A37: ผู้ขอเบิก | H37: ผู้รับรอง | M37: ผู้ตรวจ
A38: ลงชื่อ…………………………………………… | H38: ลงชื่อ…………………………………………… | M38: ลงชื่อ……………………………………………
A39: ( | B39: =B7 | G39: ) | H39: ( | I39: นายชำนาญ แก้วจงประสิทธิ์ | L39: ) | M39: ( | O39: นายทศวรรษ คำสม | S39: )
A40: ตำแหน่ง ครู | H40: ตำแหน่ง หัวหน้าแผนก | M40: ตำแหน่ง ผู้ตรวจสอบ
A41: วันที่ 12 เดือน ตุลาคม พ.ศ.2569 | H41: =A41 | M41: =A41
A42: ผู้ตรวจ | J42: ผู้เห็นชอบ
A43: ลงชื่อ…………………………………………… | J43: ลงชื่อ……………………………………………
B44: (นายศิวรักษ์ บุญประเสริฐ) | L44: (นายฉัตรชัย งาหอม)
A45: ตำแหน่งครู หัวหน้างานพัฒนาหลักสูตร ฯ | J45: ตำแหน่ง รองผู้อำนวยการฝ่ายวิชาการ
A46: วันที่.......เดือน..........................พ.ศ.............. | J46: วันที่.......เดือน..........................พ.ศ..............
A47: ใบเบิกจ่ายเงินค่าสอนพิเศษและค่าสอนเกินภาระงานสอนในสถานศึกษา
A48: แผนกวิชาช่างยนต์
A49: ระหว่างวันที่ | D49: =D3 | E49: เดือน | F49: =F3 | H49: =H3 | I49: ถึง วันที่ | J49: =J3 | K49: เดือน | L49: =L3 | N49: =N3
G50: ü | H50: ครู | I50: หน้าที่พิเศษ | J50: หัวงานทวิภาคี
A51: ที่ | B51: ชื่อ-สกุล | E51: ตำแหน่ง | F51: ระยะเวลาที่สอน | H51: รหัสวิชา | I51: ชั้น,แผนก,ห้อง | J51: เวลาสอน | L51: ปวช.(คาบ) | N51: เงิน | O51: ยอดเงิน | P51: ปวส.(คาบ) | R51: เงิน | S51: ยอดเงิน
F52: ส. | G52: วดป. | L52: ใน | M52: นอก | N52: ต่อ ชม. | O52: (บาท) | P52: ใน | Q52: นอก | R52: ต่อ ชม. | S52: (บาท)
A53: 2 | B53: =AB4 | E53: ครู | F53: 4 | G53: จันทร์ | H53: 20100-1006 | I53: ชย.1/6 (26) | J53: 08:10 - 12:10 | L53: 4
G54: 5 ต.ค.69 | H54: 20101-2008 | I54: ชย.2/2 (26) | J54: 13:10 - 17:10 | L54: 4
G58: อังคาร | H58: 20100-1006 | I58: ชย.1/8 (26) | J58: 08:10 - 12:10 | L58: 4
G59: 6 ต.ค.69
G63: พุธ | H63: 20101-2011 | I63: ชย.2/7 (26) | J63: 08:10 - 12:10 | L63: 4
G64: 7 ต.ค.69 | H64: 20101-2011 | I64: ชย.2/7 (26) | J64: 13:10 - 16:10 | M64: 3 | N64: 200 | O64: =M64*N64
G68: พฤหัส | H68: 20000-2008 | I68: ชย.ทวิ 3/9 (26) | J68: 13:10 - 15:10 | L68: 2
G69: 8 ต.ค.69 | H69: 20101-2050 | I69: ชย.ทวิ 3/9 (26) | J69: 19:10 - 21:10 | M69: 2 | N69: 200 | O69: =M69*N69
G73: ศุกร์ | H73: 20101-2017 | I73: ชย.ทวิ 3/9 (26) | J73: 17:10 - 21:10 | M73: 4 | N73: 200 | O73: =M73*N73
G74: 9 ต.ค.69
G78: รวมขั่วโมงที่สอนแยก ภาระงาน/ เกินภาระงาน | L78: =SUM(L53:L77) | M78: =SUM(M53:M77) | P78: =SUM(P53:P77) | Q78: =SUM(Q53:Q77)
G79: รวมจำนวนชั่วโมงสอนคาบต่อสับดาห์ | L79: =L78+M78 | P79: =P78+Q78
G80: จำนวนชั่วโมงสอนตามภาระงานสอน | L80: 12 | P80: 0
G81: จำนวนชั่วโมงบิกเกินภาระงานสอน/ค่าสอน | L81: 0 | M81: =SUM(M53:M77) | O81: =SUM(O53:O77) | P81: 0 | Q81: =SUM(Q53:Q77) | S81: =SUM(S53:S77)
A82: รวมจำนวนหน่วยชั่วโมงที่ขอเบิกค่าสอน …. | H82: =M81+Q81 | I82: ….ชั่วโมง | K82: ยอดเงินรวม | P82: =S81+O81 | S82: ..บาท
A83: ผู้ขอเบิก | H83: ผู้รับรอง | M83: ผู้ตรวจ
A84: ลงชื่อ…………………………………………… | H84: ลงชื่อ…………………………………………… | M84: ลงชื่อ……………………………………………
A85: ( | B85: =B53 | G85: ) | H85: ( | I85: =I39 | L85: ) | M85: ( | O85: =O39 | S85: )
A86: ตำแหน่ง ครู | H86: ตำแหน่ง หัวหน้าแผนก | M86: ตำแหน่ง ผู้ตรวจสอบ
A87: วันที่ 12 เดือน ตุลาคม พ.ศ.2569 | H87: =A41 | M87: =A41
A88: ผู้ตรวจ | J88: ผู้เห็นชอบ
A89: ลงชื่อ…………………………………………… | J89: ลงชื่อ……………………………………………
B90: =B44 | L90: =L44
A91: ตำแหน่งครู หัวหน้างานพัฒนาหลักสูตร ฯ | J91: ตำแหน่ง รองผู้อำนวยการฝ่ายวิชาการ
A92: วันที่.......เดือน..........................พ.ศ.............. | J92: วันที่.......เดือน..........................พ.ศ..............
A93: ใบเบิกจ่ายเงินค่าสอนพิเศษและค่าสอนเกินภาระงานสอนในสถานศึกษา
A94: แผนกวิชาช่างยนต์
A95: ระหว่างวันที่ | D95: =D3 | E95: เดือน | F95: =F3 | H95: =H3 | I95: ถึง วันที่ | J95: =J3 | K95: เดือน | L95: =L3 | N95: =N3
G96: ü | H96: ครู | I96: หน้าที่พิเศษ | J96: ผู้ช่วยงานกิจกรรมนักเรียนนักศึกษา, โครงการพิเศษและการบริการสังคม,
A97: ที่ | B97: ชื่อ-สกุล | E97: ตำแหน่ง | F97: ระยะเวลาที่สอน | H97: รหัสวิชา | I97: ชั้น,แผนก,ห้อง | J97: เวลาสอน | L97: ปวช.(คาบ) | N97: เงิน | O97: ยอดเงิน | P97: ปวส.(คาบ) | R97: เงิน | S97: ยอดเงิน
F98: ส. | G98: วดป. | L98: ใน | M98: นอก | N98: ต่อ ชม. | O98: (บาท) | P98: ใน | Q98: นอก | R98: ต่อ ชม. | S98: (บาท)
A99: 3 | B99: =AB5 | E99: ครู | F99: 4 | G99: จันทร์ | H99: 20101-2008 | I99: ชย.2/1 (26) | J99: 08:10 - 12:10 | L99: 4
G100: 5 ต.ค.69 | H100: 20100-1005 | I100: ชย.1/2 (26) | J100: 13:10 - 17:10 | L100: 4
G104: อังคาร | H104: 20101-2008 | I104: ชย.2/3 (26) | J104: 08:10 - 12:10 | L104: 4
G105: 6 ต.ค.69 | H105: 20100-1005 | I105: ชย.1/1 (26) | J105: 13:10 - 17:10 | L105: 4
G109: พุธ | H109: 20100-1005 | I109: ชย.1/4 (26) | J109: 08:10 - 12:10 | L109: 3 | M109: 1 | N109: 200 | O109: =M109*N109
G110: 7 ต.ค.69 | H110: 20143-2015 | I110: ชยฟ.3/1 (26) | J110: 13:10 - 17:10 | M110: 4 | N110: 200 | O110: =M110*N110
G114: พฤหัส | H114: 20101-2003 | I114: ชย.1/4 (26) | J114: 08:10 - 12:10 | M114: 4 | N114: 200 | O114: =M114*N114
G115: 8 ต.ค.69 | H115: 20000-2004 | I115: ชย.2/7,ชย.2/8,ชย.ทวิ 2/9 (26) | J115: 13:10 - 15:10 | L115: 2
H116: 20101-2003 | I116: ชย.1/4 (26) | J116: 15:10 - 18:10 | M116: 3 | N116: 200 | O116: =M116*N116
G119: ศุกร์
G120: 9 ต.ค.69
G124: รวมขั่วโมงที่สอนแยก ภาระงาน/ เกินภาระงาน | L124: =SUM(L99:L123) | M124: =SUM(M99:M123) | P124: =SUM(P99:P123) | Q124: =SUM(Q99:Q123)
G125: รวมจำนวนชั่วโมงสอนคาบต่อสับดาห์ | L125: =L124+M124 | P125: =P124+Q124
G126: จำนวนชั่วโมงสอนตามภาระงานสอน | L126: 18 | P126: 0
G127: จำนวนชั่วโมงบิกเกินภาระงานสอน/ค่าสอน | L127: 0 | M127: =SUM(M99:M123) | O127: =SUM(O99:O123) | P127: 0 | Q127: =SUM(Q99:Q123) | S127: =SUM(S99:S123)
A128: รวมจำนวนหน่วยชั่วโมงที่ขอเบิกค่าสอน …. | H128: =M127+Q127 | I128: ….ชั่วโมง | K128: ยอดเงินรวม | P128: =S127+O127 | S128: ..บาท
A129: ผู้ขอเบิก | H129: ผู้รับรอง | M129: ผู้ตรวจ
A130: ลงชื่อ…………………………………………… | H130: ลงชื่อ…………………………………………… | M130: ลงชื่อ……………………………………………
A131: ( | B131: =B99 | G131: ) | H131: ( | I131: =I85 | L131: ) | M131: ( | O131: =O39 | S131: )
A132: ตำแหน่ง ครู | H132: ตำแหน่ง หัวหน้าแผนก | M132: ตำแหน่ง ผู้ตรวจสอบ
A133: วันที่ 12 เดือน ตุลาคม พ.ศ.2569 | H133: =A41 | M133: =A41
A134: ผู้ตรวจ | J134: ผู้เห็นชอบ
A135: ลงชื่อ…………………………………………… | J135: ลงชื่อ……………………………………………
B136: =B44 | L136: =L44
A137: ตำแหน่งครู หัวหน้างานพัฒนาหลักสูตร ฯ | J137: ตำแหน่ง รองผู้อำนวยการฝ่ายวิชาการ
A138: วันที่.......เดือน..........................พ.ศ.............. | J138: วันที่.......เดือน..........................พ.ศ..............
A139: ใบเบิกจ่ายเงินค่าสอนพิเศษและค่าสอนเกินภาระงานสอนในสถานศึกษา
...

Sheet สัปดาห์ที่ 5
A1: ใบเบิกจ่ายเงินค่าสอนพิเศษและค่าสอนเกินภาระงานสอนในสถานศึกษา
A2: แผนกวิชาช่างยนต์ | Z2: ลำดับ | AB2: รายชื่อ | AE2: รวม ชม./ ส. | AH2: รวม ค่าสอน / สัปดาห์
A3: ระหว่างวันที่ | D3: 12 | E3: เดือน | F3: ตุลาคม | H3: พ.ศ. 2569 | I3: ถึง วันที่ | J3: 16 | K3: เดือน | L3: ตุลาคม | N3: พ.ศ. 2569 | Z3: 1 | AB3: นายชำนาญ แก้วจงประสิทธิ์ | AE3: 12 | AH3: 2400
G4: ü | H4: ครู | I4: หน้าที่พิเศษ | J4: หัวหน้าแผนกวิชาช่างยนต์ | Z4: 2 | AB4: นายวัชรัศนิ์ ไชยศาสตร์ | AE4: 12 | AH4: 2400
A5: ที่ | B5: ชื่อ-สกุล | E5: ตำแหน่ง | F5: ระยะเวลาที่สอน | H5: รหัสวิชา | I5: ชั้น,แผนก,ห้อง | J5: เวลาสอน | L5: ปวช.(คาบ) | N5: เงิน | O5: ยอดเงิน | P5: ปวส.(คาบ) | R5: เงิน | S5: ยอดเงิน | Z5: 3 | AB5: นายไพรัช น้อยแสง | AE5: 12 | AH5: 2400
F6: ส. | G6: วดป. | L6: ใน | M6: นอก | N6: ต่อ ชม. | O6: (บาท) | P6: ใน | Q6: นอก | R6: ต่อ ชม. | S6: (บาท) | Z6: 4 | AB6: นายจักรกฤษณ์ ปัญญา | AE6: 12 | AH6: 2400
A7: 1 | B7: =AB3 | E7: ครู | F7: 5 | G7: จันทร์ | H7: 20101-2018 | I7: ชย.3/3 (26) | J7: 17:10 - 21:10 | L7: 4 | Z7: 5 | AB7: นายพลกฤต น้อยเกิด | AE7: 12 | AH7: 2400
G8: 12 ต.ค.69 | Z8: 6 | AB8: นายพงษ์พัฒน์ พิมพ์ปรุ | AE8: 12 | AH8: 2400
Z9: 7 | AB9: นายพงศ์ศิริ ธรรมาวุฒิ | AE9: 12 | AH9: 2400
Z10: 8 | AB10: นายศุภเดช เมืองเงิน | AE10: 12 | AH10: 2400
Z11: 9 | AB11: นายณัฐพงศ์ จันทร์แดง | AE11: 12 | AH11: 2400
G12: อังคาร | H12: 20101-2010 | I12: ชย.2/7 (26) | J12: 08:10 - 12:10 | L12: 4 | Z12: 10 | AB12: นายมนตรี ทิมสุข | AE12: 12 | AH12: 2400
G13: 13 ต.ค.69 | H13: 20101-2010 | I13: ชย.2/7 (26) | J13: 13:10 - 16:10 | L13: 3 | Z13: 11 | AB13: นางสาวจิราพร พิมเสน | AE13: 12 | AH13: 2400
H14: 20101-2018 | I14: ชย.3/3 (26) | J14: 17:10 - 20:10 | L14: 3 | Z14: 12 | AB14: นายสมชาย อุประ | AE14: 12 | AH14: 2400
Z15: 13 | AB15: นายสถาปนิก คุ้มสะอาด | AE15: 12 | AH15: 2400
G17: พุธ | H17: 20101-2010 | I17: ชย.2/6 (26) | J17: 08:10 - 12:10 | L17: 2 | M17: 2 | N17: 200 | O17: =M17*N17
G18: 14 ต.ค.69 | H18: 20101-2010 | I18: ชย.2/6 (26) | J18: 13:10 - 16:10 | M18: 3 | N18: 200 | O18: =M18*N18
G22: พฤหัส | H22: 20101-2010 | I22: ชย.2/5 (26) | J22: 08:10 - 12:10 | M22: 4 | N22: 200 | O22: =M22*N22
G23: 15 ต.ค.69 | H23: 20101-2010 | I23: ชย.2/5 (26) | J23: 15:10 - 18:10 | M23: 3 | N23: 200 | O23: =M23*N23
G27: ศุกร์
G28: 16 ต.ค.69
G32: รวมขั่วโมงที่สอนแยก ภาระงาน/ เกินภาระงาน | L32: =SUM(L7:L31) | M32: =SUM(M7:M31) | P32: =SUM(P7:P31) | Q32: =SUM(Q7:Q31)
G33: รวมจำนวนชั่วโมงสอนคาบต่อสับดาห์ | L33: =L32+M32 | P33: =P32+Q32
G34: จำนวนชั่วโมงสอนตามภาระงานสอน | L34: 12 | P34: 0
G35: จำนวนชั่วโมงบิกเกินภาระงานสอน/ค่าสอน | L35: 0 | M35: =SUM(M7:M31) | O35: =SUM(O7:O31) | P35: 0 | Q35: =SUM(Q7:Q31) | S35: =SUM(S7:S31)
A36: รวมจำนวนหน่วยชั่วโมงที่ขอเบิกค่าสอน …. | H36: =M35+Q35 | I36: ….ชั่วโมง | K36: ยอดเงินรวม | P36: =S35+O35 | S36: ..บาท
A37: ผู้ขอเบิก | H37: ผู้รับรอง | M37: ผู้ตรวจ
A38: ลงชื่อ…………………………………………… | H38: ลงชื่อ…………………………………………… | M38: ลงชื่อ……………………………………………
A39: ( | B39: =B7 | G39: ) | H39: ( | I39: นายชำนาญ แก้วจงประสิทธิ์ | L39: ) | M39: ( | O39: นายทศวรรษ คำสม | S39: )
A40: ตำแหน่ง ครู | H40: ตำแหน่ง หัวหน้าแผนก | M40: ตำแหน่ง ผู้ตรวจสอบ
A41: วันที่ 19 เดือน ตุลาคม พ.ศ.2569 | H41: =A41 | M41: =A41
A42: ผู้ตรวจ | J42: ผู้เห็นชอบ
A43: ลงชื่อ…………………………………………… | J43: ลงชื่อ……………………………………………
B44: (นายศิวรักษ์ บุญประเสริฐ) | L44: (นายฉัตรชัย งาหอม)
A45: ตำแหน่งครู หัวหน้างานพัฒนาหลักสูตร ฯ | J45: ตำแหน่ง รองผู้อำนวยการฝ่ายวิชาการ
A46: วันที่.......เดือน..........................พ.ศ.............. | J46: วันที่.......เดือน..........................พ.ศ..............
A47: ใบเบิกจ่ายเงินค่าสอนพิเศษและค่าสอนเกินภาระงานสอนในสถานศึกษา
A48: แผนกวิชาช่างยนต์
A49: ระหว่างวันที่ | D49: =D3 | E49: เดือน | F49: =F3 | H49: =H3 | I49: ถึง วันที่ | J49: =J3 | K49: เดือน | L49: =L3 | N49: =N3
G50: ü | H50: ครู | I50: หน้าที่พิเศษ | J50: หัวงานทวิภาคี
A51: ที่ | B51: ชื่อ-สกุล | E51: ตำแหน่ง | F51: ระยะเวลาที่สอน | H51: รหัสวิชา | I51: ชั้น,แผนก,ห้อง | J51: เวลาสอน | L51: ปวช.(คาบ) | N51: เงิน | O51: ยอดเงิน | P51: ปวส.(คาบ) | R51: เงิน | S51: ยอดเงิน
F52: ส. | G52: วดป. | L52: ใน | M52: นอก | N52: ต่อ ชม. | O52: (บาท) | P52: ใน | Q52: นอก | R52: ต่อ ชม. | S52: (บาท)
A53: 2 | B53: =AB4 | E53: ครู | F53: 5 | G53: จันทร์ | H53: 20100-1006 | I53: ชย.1/6 (26) | J53: 08:10 - 12:10 | L53: 4
G54: 12 ต.ค.69 | H54: 20101-2008 | I54: ชย.2/2 (26) | J54: 13:10 - 17:10 | L54: 4
G58: อังคาร | H58: 20100-1006 | I58: ชย.1/8 (26) | J58: 08:10 - 12:10 | L58: 4
G59: 13 ต.ค.69
G63: พุธ | H63: 20101-2011 | I63: ชย.2/7 (26) | J63: 08:10 - 12:10 | L63: 4
G64: 14 ต.ค.69 | H64: 20101-2011 | I64: ชย.2/7 (26) | J64: 13:10 - 16:10 | M64: 3 | N64: 200 | O64: =M64*N64
G68: พฤหัส | H68: 20000-2008 | I68: ชย.ทวิ 3/9 (26) | J68: 13:10 - 15:10 | L68: 2
G69: 15 ต.ค.69 | H69: 20101-2050 | I69: ชย.ทวิ 3/9 (26) | J69: 19:10 - 21:10 | M69: 2 | N69: 200 | O69: =M69*N69
G73: ศุกร์ | H73: 20101-2017 | I73: ชย.ทวิ 3/9 (26) | J73: 17:10 - 21:10 | M73: 4 | N73: 200 | O73: =M73*N73
G74: 16 ต.ค.69
G78: รวมขั่วโมงที่สอนแยก ภาระงาน/ เกินภาระงาน | L78: =SUM(L53:L77) | M78: =SUM(M53:M77) | P78: =SUM(P53:P77) | Q78: =SUM(Q53:Q77)
G79: รวมจำนวนชั่วโมงสอนคาบต่อสับดาห์ | L79: =L78+M78 | P79: =P78+Q78
G80: จำนวนชั่วโมงสอนตามภาระงานสอน | L80: 12 | P80: 0
G81: จำนวนชั่วโมงบิกเกินภาระงานสอน/ค่าสอน | L81: 0 | M81: =SUM(M53:M77) | O81: =SUM(O53:O77) | P81: 0 | Q81: =SUM(Q53:Q77) | S81: =SUM(S53:S77)
A82: รวมจำนวนหน่วยชั่วโมงที่ขอเบิกค่าสอน …. | H82: =M81+Q81 | I82: ….ชั่วโมง | K82: ยอดเงินรวม | P82: =S81+O81 | S82: ..บาท
A83: ผู้ขอเบิก | H83: ผู้รับรอง | M83: ผู้ตรวจ
A84: ลงชื่อ…………………………………………… | H84: ลงชื่อ…………………………………………… | M84: ลงชื่อ……………………………………………
A85: ( | B85: =B53 | G85: ) | H85: ( | I85: =I39 | L85: ) | M85: ( | O85: =O39 | S85: )
A86: ตำแหน่ง ครู | H86: ตำแหน่ง หัวหน้าแผนก | M86: ตำแหน่ง ผู้ตรวจสอบ
A87: วันที่ 19 เดือน ตุลาคม พ.ศ.2569 | H87: =A41 | M87: =A41
A88: ผู้ตรวจ | J88: ผู้เห็นชอบ
A89: ลงชื่อ…………………………………………… | J89: ลงชื่อ……………………………………………
B90: =B44 | L90: =L44
A91: ตำแหน่งครู หัวหน้างานพัฒนาหลักสูตร ฯ | J91: ตำแหน่ง รองผู้อำนวยการฝ่ายวิชาการ
A92: วันที่.......เดือน..........................พ.ศ.............. | J92: วันที่.......เดือน..........................พ.ศ..............
A93: ใบเบิกจ่ายเงินค่าสอนพิเศษและค่าสอนเกินภาระงานสอนในสถานศึกษา
A94: แผนกวิชาช่างยนต์
A95: ระหว่างวันที่ | D95: =D3 | E95: เดือน | F95: =F3 | H95: =H3 | I95: ถึง วันที่ | J95: =J3 | K95: เดือน | L95: =L3 | N95: =N3
G96: ü | H96: ครู | I96: หน้าที่พิเศษ | J96: ผู้ช่วยงานกิจกรรมนักเรียนนักศึกษา, โครงการพิเศษและการบริการสังคม,
A97: ที่ | B97: ชื่อ-สกุล | E97: ตำแหน่ง | F97: ระยะเวลาที่สอน | H97: รหัสวิชา | I97: ชั้น,แผนก,ห้อง | J97: เวลาสอน | L97: ปวช.(คาบ) | N97: เงิน | O97: ยอดเงิน | P97: ปวส.(คาบ) | R97: เงิน | S97: ยอดเงิน
F98: ส. | G98: วดป. | L98: ใน | M98: นอก | N98: ต่อ ชม. | O98: (บาท) | P98: ใน | Q98: นอก | R98: ต่อ ชม. | S98: (บาท)
A99: 3 | B99: =AB5 | E99: ครู | F99: 5 | G99: จันทร์ | H99: 20101-2008 | I99: ชย.2/1 (26) | J99: 08:10 - 12:10 | L99: 4
G100: 12 ต.ค.69 | H100: 20100-1005 | I100: ชย.1/2 (26) | J100: 13:10 - 17:10 | L100: 4
G104: อังคาร | H104: 20101-2008 | I104: ชย.2/3 (26) | J104: 08:10 - 12:10 | L104: 4
G105: 13 ต.ค.69 | H105: 20100-1005 | I105: ชย.1/1 (26) | J105: 13:10 - 17:10 | L105: 4
G109: พุธ | H109: 20100-1005 | I109: ชย.1/4 (26) | J109: 08:10 - 12:10 | L109: 3 | M109: 1 | N109: 200 | O109: =M109*N109
G110: 14 ต.ค.69 | H110: 20143-2015 | I110: ชยฟ.3/1 (26) | J110: 13:10 - 17:10 | M110: 4 | N110: 200 | O110: =M110*N110
G114: พฤหัส | H114: 20101-2003 | I114: ชย.1/4 (26) | J114: 08:10 - 12:10 | M114: 4 | N114: 200 | O114: =M114*N114
G115: 15 ต.ค.69 | H115: 20000-2004 | I115: ชย.2/7,ชย.2/8,ชย.ทวิ 2/9 (26) | J115: 13:10 - 15:10 | L115: 2
H116: 20101-2003 | I116: ชย.1/4 (26) | J116: 15:10 - 18:10 | M116: 3 | N116: 200 | O116: =M116*N116
G119: ศุกร์
G120: 16 ต.ค.69
G124: รวมขั่วโมงที่สอนแยก ภาระงาน/ เกินภาระงาน | L124: =SUM(L99:L123) | M124: =SUM(M99:M123) | P124: =SUM(P99:P123) | Q124: =SUM(Q99:Q123)
G125: รวมจำนวนชั่วโมงสอนคาบต่อสับดาห์ | L125: =L124+M124 | P125: =P124+Q124
G126: จำนวนชั่วโมงสอนตามภาระงานสอน | L126: 18 | P126: 0
G127: จำนวนชั่วโมงบิกเกินภาระงานสอน/ค่าสอน | L127: 0 | M127: =SUM(M99:M123) | O127: =SUM(O99:O123) | P127: 0 | Q127: =SUM(Q99:Q123) | S127: =SUM(S99:S123)
A128: รวมจำนวนหน่วยชั่วโมงที่ขอเบิกค่าสอน …. | H128: =M127+Q127 | I128: ….ชั่วโมง | K128: ยอดเงินรวม | P128: =S127+O127 | S128: ..บาท
A129: ผู้ขอเบิก | H129: ผู้รับรอง | M129: ผู้ตรวจ
A130: ลงชื่อ…………………………………………… | H130: ลงชื่อ…………………………………………… | M130: ลงชื่อ……………………………………………
A131: ( | B131: =B99 | G131: ) | H131: ( | I131: =I85 | L131: ) | M131: ( | O131: =O39 | S131: )
A132: ตำแหน่ง ครู | H132: ตำแหน่ง หัวหน้าแผนก | M132: ตำแหน่ง ผู้ตรวจสอบ
A133: วันที่ 19 เดือน ตุลาคม พ.ศ.2569 | H133: =A41 | M133: =A41
A134: ผู้ตรวจ | J134: ผู้เห็นชอบ
A135: ลงชื่อ…………………………………………… | J135: ลงชื่อ……………………………………………
B136: =B44 | L136: =L44
A137: ตำแหน่งครู หัวหน้างานพัฒนาหลักสูตร ฯ | J137: ตำแหน่ง รองผู้อำนวยการฝ่ายวิชาการ
A138: วันที่.......เดือน..........................พ.ศ.............. | J138: วันที่.......เดือน..........................พ.ศ..............
A139: ใบเบิกจ่ายเงินค่าสอนพิเศษและค่าสอนเกินภาระงานสอนในสถานศึกษา
...

Sheet ตารางแจงเงินรายบุคคล
D2: แผนกช่างยนต์
D4: ครูประจำ
A5: ลำดับ | B5: ชื่อ-สกุล | C5: 1 | E5: 2 | G5: 3 | I5: 4 | K5: 5 | M5: 6 | O5: รวม / ชม. | P5: รวม / เงิน
C6: ชม/ส | D6: เงิน | E6: ชม/ส | F6: เงิน | G6: ชม/ส | H6: เงิน | I6: ชม/ส | J6: เงิน | K6: ชม/ส | L6: เงิน | M6: ชม/ส | N6: เงิน
A7: 1 | B7: ='สัปดาห์ที่ 1'!AB3 | C7: ='สัปดาห์ที่ 1'!AE3 | D7: ='สัปดาห์ที่ 1'!AH3 | E7: ='สัปดาห์ที่ 2'!AE3 | F7: ='สัปดาห์ที่ 2'!AH3 | G7: ='สัปดาห์ที่ 3'!AE3 | H7: ='สัปดาห์ที่ 3'!AH3 | I7: ='สัปดาห์ที่ 4'!AE3 | J7: ='สัปดาห์ที่ 4'!AH3 | K7: ='สัปดาห์ที่ 5'!AE3 | L7: ='สัปดาห์ที่ 5'!AH3 | M7: 0 | N7: 0 | O7: =C7+E7+G7+I7+K7 | P7: =D7+F7+H7+J7+L7
A8: 2 | B8: ='สัปดาห์ที่ 1'!AB4 | C8: ='สัปดาห์ที่ 1'!AE4 | D8: ='สัปดาห์ที่ 1'!AH4 | E8: ='สัปดาห์ที่ 2'!AE4 | F8: ='สัปดาห์ที่ 2'!AH4 | G8: ='สัปดาห์ที่ 3'!AE4 | H8: ='สัปดาห์ที่ 3'!AH4 | I8: ='สัปดาห์ที่ 4'!AE4 | J8: ='สัปดาห์ที่ 4'!AH4 | K8: ='สัปดาห์ที่ 5'!AE4 | L8: ='สัปดาห์ที่ 5'!AH4 | M8: 0 | N8: 0 | O8: =C8+E8+G8+I8+K8 | P8: =D8+F8+H8+J8+L8
A9: 3 | B9: ='สัปดาห์ที่ 1'!AB5 | C9: ='สัปดาห์ที่ 1'!AE5 | D9: ='สัปดาห์ที่ 1'!AH5 | E9: ='สัปดาห์ที่ 2'!AE5 | F9: ='สัปดาห์ที่ 2'!AH5 | G9: ='สัปดาห์ที่ 3'!AE5 | H9: ='สัปดาห์ที่ 3'!AH5 | I9: ='สัปดาห์ที่ 4'!AE5 | J9: ='สัปดาห์ที่ 4'!AH5 | K9: ='สัปดาห์ที่ 5'!AE5 | L9: ='สัปดาห์ที่ 5'!AH5 | M9: 0 | N9: 0 | O9: =C9+E9+G9+I9+K9 | P9: =D9+F9+H9+J9+L9
A10: 4 | B10: ='สัปดาห์ที่ 1'!AB6 | C10: ='สัปดาห์ที่ 1'!AE6 | D10: ='สัปดาห์ที่ 1'!AH6 | E10: ='สัปดาห์ที่ 2'!AE6 | F10: ='สัปดาห์ที่ 2'!AH6 | G10: ='สัปดาห์ที่ 3'!AE6 | H10: ='สัปดาห์ที่ 3'!AH6 | I10: ='สัปดาห์ที่ 4'!AE6 | J10: ='สัปดาห์ที่ 4'!AH6 | K10: ='สัปดาห์ที่ 5'!AE6 | L10: ='สัปดาห์ที่ 5'!AH6 | M10: 0 | N10: 0 | O10: =C10+E10+G10+I10+K10 | P10: =D10+F10+H10+J10+L10
A11: 5 | B11: ='สัปดาห์ที่ 1'!AB7 | C11: ='สัปดาห์ที่ 1'!AE7 | D11: ='สัปดาห์ที่ 1'!AH7 | E11: ='สัปดาห์ที่ 2'!AE7 | F11: ='สัปดาห์ที่ 2'!AH7 | G11: ='สัปดาห์ที่ 3'!AE7 | H11: ='สัปดาห์ที่ 3'!AH7 | I11: ='สัปดาห์ที่ 4'!AE7 | J11: ='สัปดาห์ที่ 4'!AH7 | K11: ='สัปดาห์ที่ 5'!AE7 | L11: ='สัปดาห์ที่ 5'!AH7 | M11: 0 | N11: 0 | O11: =C11+E11+G11+I11+K11 | P11: =D11+F11+H11+J11+L11
A12: 6 | B12: ='สัปดาห์ที่ 1'!AB8 | C12: ='สัปดาห์ที่ 1'!AE8 | D12: ='สัปดาห์ที่ 1'!AH8 | E12: ='สัปดาห์ที่ 2'!AE8 | F12: ='สัปดาห์ที่ 2'!AH8 | G12: ='สัปดาห์ที่ 3'!AE8 | H12: ='สัปดาห์ที่ 3'!AH8 | I12: ='สัปดาห์ที่ 4'!AE8 | J12: ='สัปดาห์ที่ 4'!AH8 | K12: ='สัปดาห์ที่ 5'!AE8 | L12: ='สัปดาห์ที่ 5'!AH8 | M12: 0 | N12: 0 | O12: =C12+E12+G12+I12+K12 | P12: =D12+F12+H12+J12+L12
A13: 7 | B13: ='สัปดาห์ที่ 1'!AB9 | C13: ='สัปดาห์ที่ 1'!AE9 | D13: ='สัปดาห์ที่ 1'!AH9 | E13: ='สัปดาห์ที่ 2'!AE9 | F13: ='สัปดาห์ที่ 2'!AH9 | G13: ='สัปดาห์ที่ 3'!AE9 | H13: ='สัปดาห์ที่ 3'!AH9 | I13: ='สัปดาห์ที่ 4'!AE9 | J13: ='สัปดาห์ที่ 4'!AH9 | K13: ='สัปดาห์ที่ 5'!AE9 | L13: ='สัปดาห์ที่ 5'!AH9 | M13: 0 | N13: 0 | O13: =C13+E13+G13+I13+K13 | P13: =D13+F13+H13+J13+L13
A14: 8 | B14: ='สัปดาห์ที่ 1'!AB10 | C14: ='สัปดาห์ที่ 1'!AE10 | D14: ='สัปดาห์ที่ 1'!AH10 | E14: ='สัปดาห์ที่ 2'!AE10 | F14: ='สัปดาห์ที่ 2'!AH10 | G14: ='สัปดาห์ที่ 3'!AE10 | H14: ='สัปดาห์ที่ 3'!AH10 | I14: ='สัปดาห์ที่ 4'!AE10 | J14: ='สัปดาห์ที่ 4'!AH10 | K14: ='สัปดาห์ที่ 5'!AE10 | L14: ='สัปดาห์ที่ 5'!AH10 | M14: 0 | N14: 0 | O14: =C14+E14+G14+I14+K14 | P14: =D14+F14+H14+J14+L14
A15: 9 | B15: ='สัปดาห์ที่ 1'!AB11 | C15: ='สัปดาห์ที่ 1'!AE11 | D15: ='สัปดาห์ที่ 1'!AH11 | E15: ='สัปดาห์ที่ 2'!AE11 | F15: ='สัปดาห์ที่ 2'!AH11 | G15: ='สัปดาห์ที่ 3'!AE11 | H15: ='สัปดาห์ที่ 3'!AH11 | I15: ='สัปดาห์ที่ 4'!AE11 | J15: ='สัปดาห์ที่ 4'!AH11 | K15: ='สัปดาห์ที่ 5'!AE11 | L15: ='สัปดาห์ที่ 5'!AH11 | M15: 0 | N15: 0 | O15: =C15+E15+G15+I15+K15 | P15: =D15+F15+H15+J15+L15
A16: 10 | B16: ='สัปดาห์ที่ 1'!AB12 | C16: ='สัปดาห์ที่ 1'!AE12 | D16: ='สัปดาห์ที่ 1'!AH12 | E16: ='สัปดาห์ที่ 2'!AE12 | F16: ='สัปดาห์ที่ 2'!AH12 | G16: ='สัปดาห์ที่ 3'!AE12 | H16: ='สัปดาห์ที่ 3'!AH12 | I16: ='สัปดาห์ที่ 4'!AE12 | J16: ='สัปดาห์ที่ 4'!AH12 | K16: ='สัปดาห์ที่ 5'!AE12 | L16: ='สัปดาห์ที่ 5'!AH12 | M16: 0 | N16: 0 | O16: =C16+E16+G16+I16+K16 | P16: =D16+F16+H16+J16+L16
A17: 11 | B17: ='สัปดาห์ที่ 1'!AB13 | C17: ='สัปดาห์ที่ 1'!AE13 | D17: ='สัปดาห์ที่ 1'!AH13 | E17: ='สัปดาห์ที่ 2'!AE13 | F17: ='สัปดาห์ที่ 2'!AH13 | G17: ='สัปดาห์ที่ 3'!AE13 | H17: ='สัปดาห์ที่ 3'!AH13 | I17: ='สัปดาห์ที่ 4'!AE13 | J17: ='สัปดาห์ที่ 4'!AH13 | K17: ='สัปดาห์ที่ 5'!AE13 | L17: ='สัปดาห์ที่ 5'!AH13 | M17: 0 | N17: 0 | O17: =C17+E17+G17+I17+K17 | P17: =D17+F17+H17+J17+L17
A18: 12 | B18: ='สัปดาห์ที่ 1'!AB14 | C18: ='สัปดาห์ที่ 1'!AE14 | D18: ='สัปดาห์ที่ 1'!AH14 | E18: ='สัปดาห์ที่ 2'!AE14 | F18: ='สัปดาห์ที่ 2'!AH14 | G18: ='สัปดาห์ที่ 3'!AE14 | H18: ='สัปดาห์ที่ 3'!AH14 | I18: ='สัปดาห์ที่ 4'!AE14 | J18: ='สัปดาห์ที่ 4'!AH14 | K18: ='สัปดาห์ที่ 5'!AE14 | L18: ='สัปดาห์ที่ 5'!AH14 | M18: 0 | N18: 0 | O18: =C18+E18+G18+I18+K18 | P18: =D18+F18+H18+J18+L18
A19: 13 | B19: ='สัปดาห์ที่ 1'!AB15 | C19: ='สัปดาห์ที่ 1'!AE15 | D19: ='สัปดาห์ที่ 1'!AH15 | E19: ='สัปดาห์ที่ 2'!AE15 | F19: ='สัปดาห์ที่ 2'!AH15 | G19: ='สัปดาห์ที่ 3'!AE15 | H19: ='สัปดาห์ที่ 3'!AH15 | I19: ='สัปดาห์ที่ 4'!AE15 | J19: ='สัปดาห์ที่ 4'!AH15 | K19: ='สัปดาห์ที่ 5'!AE15 | L19: ='สัปดาห์ที่ 5'!AH15 | M19: 0 | N19: 0 | O19: =C19+E19+G19+I19+K19 | P19: =D19+F19+H19+J19+L19
A36: 5 | B36: ='สัปดาห์ที่ 1'!AB27 | C36: ='สัปดาห์ที่ 1'!AE27 | D36: ='สัปดาห์ที่ 1'!AH27 | E36: ='สัปดาห์ที่ 2'!AE27 | F36: ='สัปดาห์ที่ 2'!AH27 | G36: ='สัปดาห์ที่ 3'!AE27 | H36: ='สัปดาห์ที่ 3'!AH27 | I36: ='สัปดาห์ที่ 4'!AE27 | J36: ='สัปดาห์ที่ 4'!AH27 | K36: ='สัปดาห์ที่ 5'!AE27 | L36: ='สัปดาห์ที่ 5'!AH27 | M36: 0 | N36: 0 | O36: =C36+E36+G36+I36+K36+M36 | P36: =D36+F36+H36+J36+L36+N36
A37: 6 | K37: 0 | L37: 0 | M37: 0 | N37: 0
A38: รวมเงินครูพิเศษ | P38: =SUM(P32:P37)
D40: แผนกยานยนต์ไฟฟ้า
D42: ครูประจำ
A43: ลำดับ | B43: ชื่อ-สกุล | C43: 1 | E43: 2 | G43: 3 | I43: 4 | K43: 5 | M43: 6 | O43: รวม / ชม. | P43: รวม
C44: ชม/ส | D44: เงิน | E44: ชม/ส | F44: เงิน | G44: ชม/ส | H44: เงิน | I44: ชม/ส | J44: เงิน | K44: ชม/ส | L44: เงิน | M44: ชม/ส | N44: เงิน
A45: 1 | B45: ='สัปดาห์ที่ 1'!AB28 | C45: =#REF! | D45: =#REF! | E45: =#REF! | F45: =#REF! | G45: =#REF! | H45: =#REF! | I45: =#REF! | J45: =#REF! | M45: 0 | N45: 0 | O45: =C45+E45+G45+I45+K45+M45 | P45: =D45+F45+H45+J45+L45+N45
A46: 2 | B46: ='สัปดาห์ที่ 1'!AB29 | C46: =#REF! | D46: =#REF! | E46: =#REF! | F46: =#REF! | G46: =#REF! | H46: =#REF! | I46: =#REF! | J46: =#REF! | M46: 0 | N46: 0 | O46: =C46+E46+G46+I46+K46 | P46: =D46+F46+H46+J46+L46
A47: 3 | B47: ='สัปดาห์ที่ 1'!AB30 | C47: =#REF! | D47: =#REF! | E47: =#REF! | F47: =#REF! | G47: =#REF! | H47: =#REF! | I47: =#REF! | J47: =#REF! | M47: 0 | N47: 0 | O47: =C47+E47+G47+I47+K47 | P47: =D47+F47+H47+J47+L47
A48: รวมเงินครูประจำ | P48: =SUM(P45:P47)
D49: ครูพิเศษ
A50: ลำดับ | B50: ชื่อ-สกุล | C50: 1 | E50: 2 | G50: 3 | I50: 4 | K50: 5 | M50: 6 | O50: รวม / ชม. | P50: รวม
C51: ชม/ส | D51: เงิน | E51: ชม/ส | F51: เงิน | G51: ชม/ส | H51: เงิน | I51: ชม/ส | J51: เงิน | K51: ชม/ส | L51: เงิน | M51: ชม/ส | N51: เงิน
A52: 1 | O52: =C52+E52+G52+I52+K52 | P52: =D52+F52+H52+J52+L52
A53: 2 | O53: =C53+E53+G53+I53+K53 | P53: =D53+F53+H53+J53+L53
A54: รวมเงินครูพิเศษ | P54: =SUM(P52:P53)
A56: ยอดเงินรายรับ ÷ ยอดคน | D56: =P27+P38+P48+P54 | E56: ÷ | F56: 28 | H56: = | J56: =D56/F56
A57: หักเข้ากองกลาง (4 ส.x100) x 28 คน | D57: 400 | E57: x | F57: 28 | H57: = | J57: =D57*F57
A59: เงินที่ได้รับ คนละ | D59: =J56 | E59: - | F59: =D57 | J59: = | K59: =J56-D57
A60: ปัดให้ลงตัว | D60: =K59 | E60: + | F60: 46 | J60: = | K60: =D60+F60
A62: เงินกองกลาง | J62: = | K62: =J57
A63: เงินเข้ากองกลางคงเหลือ | D63: =J57 | E63: - | F63: =F60*F56 | J63: = | K63: =D63-F63
A67: ลำดับ | B67: ชื่อ-สกุล | C67: การจัดสรรค์เงินรายได้แผนก | I67: ลงชื่อ
C68: รายรับ / บุคคล | E68: คืนกองกลางแผนก ( - ) | G68: แผนกจ่ายเพิ่ม ( + )
A69: 1 | B69: =B7 | C69: =P7 | E69: =K60-C69
A70: 2 | B70: =B8 | C70: =P8 | E70: =K60-C70
A71: 3 | B71: =B9 | C71: =P9 | E71: =K60-C71
A72: 4 | B72: =B10 | C72: =P10 | E72: =K60-C72
A73: 5 | B73: =B11 | C73: =P11 | E73: =K60-C73
A74: 6 | B74: =B12 | C74: =P12 | E74: =K60-C74
A75: 7 | B75: =B13 | C75: =P13 | E75: =K60-C75
A76: 8 | B76: =B14 | C76: =P14 | E76: =K60-C76
A77: 9 | B77: =B15 | C77: =P15 | E77: =K60-C77
A78: 10 | B78: =B16 | C78: =P16 | E78: =K60-C78
A79: 11 | B79: =B17 | C79: =P17 | E79: =K60-C79
A80: 12 | B80: =B18 | C80: =P18 | E80: =K60-C80
A81: 13 | B81: =B19 | C81: =P19 | E81: =K60-C81
A82: 14 | B82: =B20 | C82: =P20 | E82: =K60-C82
A83: 15 | B83: =B21 | C83: =P21 | E83: =K60-C83
A84: 16 | B84: =B22 | C84: =P22 | E84: =K60-C84
A85: 17 | B85: =B23 | C85: =P23 | E85: =K60-C85
A86: 18 | B86: =B24 | C86: =P24 | E86: =K60-C86
A87: 19 | B87: =B25 | C87: =P25 | E87: =K60-C87
A88: 20 | B88: =B26 | C88: =P26 | E88: =K60-C88
A89: 21 | B89: =B32 | C89: =P32 | E89: =K60-C89
A90: 22 | B90: =B33 | C90: =P33 | E90: =K60-C90
A91: 23 | B91: =B34 | C91: =P34 | E91: =K60-C91
A92: 24 | B92: =B35 | C92: =P35 | E92: =K60-C92
A93: 25 | B93: =B36 | C93: =P36 | E93: =K60-C93
A94: 26 | B94: =B45 | C94: =P45 | E94: =K60-C94
A95: 27 | B95: =B46 | C95: =P46 | E95: =K60-C95
A96: 28 | B96: =B47 | C96: =P47 | E96: =K60-C96
E99: ลงชื่อ..................................................................................................................................
E100: ( นายชำนาญ แก้วจงประสิทธิ์ )
E101: ตำแหน่ง หัวหน้าแผนกวิชา ช่างยนต์

Sheet งบหน้ารวมครู
A1: หลักฐานการเบิกจ่ายเงินค่าสอนพิเศษและค่าสอนเกินภาระงานสอนในสถานศึกษา
B2: ส่วนราชการ วิทยาลัยเทคนิคนครสวรรค์ | H2: ประจำเดือน | I2: 14 กันยายน 2569 - 16 ตุลาคม 2569
G4: ระดับการสอน | I4: จำนวนหน่วย | J4: จำนวนเงิน | K4: ลายมือชื่อผู้รับเงิน | L4: วัน/เดือน/ปี | M4: หมายเหตุ
A5: ลำดับที่ | B5: ชื่อ - นามสกุล | F5: ตำแหน่ง | G5: มัธยมศึกษาตอนต้น | H5: สูงกว่า | I5: ชั่วโมงที่ทำการสอน
F6: ผู้ทำการสอน | G6: หรือมัธยมศึกษาตอนปลาย | H6: มัธยมศึกษาตอนปลาย | I6: พิเศษและสอนเกิน | L6: ที่รับเงิน
G7: หรือเทียบเท่า | H7: หรือเทียบเท่า | I7: ภาระงานสอน | O7: =#REF!
A8: 1 | B8: =ตารางแจงเงินรายบุคคล!B7 | F8: ครู | G8: ü | I8: =ตารางแจงเงินรายบุคคล!O7 | J8: =ตารางแจงเงินรายบุคคล!P7 | O8: =#REF!
A9: 2 | B9: =ตารางแจงเงินรายบุคคล!B8 | F9: ครู | G9: ü | I9: =ตารางแจงเงินรายบุคคล!O8 | J9: =ตารางแจงเงินรายบุคคล!P8 | O9: =#REF!
A10: 3 | B10: =ตารางแจงเงินรายบุคคล!B9 | F10: ครู | G10: ü | I10: =ตารางแจงเงินรายบุคคล!O9 | J10: =ตารางแจงเงินรายบุคคล!P9 | O10: =#REF!
A11: 4 | B11: =ตารางแจงเงินรายบุคคล!B10 | F11: ครู | G11: ü | I11: =ตารางแจงเงินรายบุคคล!O10 | J11: =ตารางแจงเงินรายบุคคล!P10 | O11: =#REF!
A12: 5 | B12: =ตารางแจงเงินรายบุคคล!B11 | F12: ครู | G12: ü | I12: =ตารางแจงเงินรายบุคคล!O11 | J12: =ตารางแจงเงินรายบุคคล!P11 | O12: =#REF!
A13: 6 | B13: =ตารางแจงเงินรายบุคคล!B12 | F13: ครู | G13: ü | I13: =ตารางแจงเงินรายบุคคล!O12 | J13: =ตารางแจงเงินรายบุคคล!P12 | O13: =#REF!
A14: 7 | B14: =ตารางแจงเงินรายบุคคล!B13 | F14: ครู | G14: ü | I14: =ตารางแจงเงินรายบุคคล!O13 | J14: =ตารางแจงเงินรายบุคคล!P13 | O14: =#REF!
A15: 8 | B15: =ตารางแจงเงินรายบุคคล!B14 | F15: ครู | G15: ü | I15: =ตารางแจงเงินรายบุคคล!O14 | J15: =ตารางแจงเงินรายบุคคล!P14 | O15: =#REF!
C16: ย/ป | E16: รวมจำนวนเงิน | G16: =B19 | J16: =SUM(J8:J15) | O16: =#REF!
F17: ผู้ทำ | J17: ผู้จ่ายเงิน | O17: =#REF!
A18: รวมจำนวนเงินค่าสอนพิเศษทั้งสิ้น | C18: =J16 | D18: บาท | F18: ลงชื่อ......................................... | J18: ลงชื่อ......................................... | O18: =#REF!
A19: ( | B19: =BAHTTEXT(C18) | E19: ) | F19: (นายชำนาญ แก้วจงประสิทธิ์) | J19: (นางวีณา กฐินทอง ) | O19: =#REF!
F20: ตำแหน่งครู หัวหน้าแผนกวิชาช่างยนต์ | J20: ตำแหน่ง หัวหน้างานการเงิน | O20: =#REF!
F21: วันที่.......เดือน..........................พ.ศ.............. | J21: วันที่........เดือน...............พ.ศ...........
A22: ผู้รับรอง | F22: ผู้เห็นชอบ | J22: ผู้อนุมัติ | O22: =O7+O8+O9+O10+O11+O12+O13+O14+O15+O16+O17+O18+O19+O20
A23: ลงชื่อ........................................................................... | F23: ลงชื่อ............................................................... | J23: ลงชื่อ...................................................................
B24: (นายฉัตรชัย งาหอม) | G24: (นายปรีชา โพธิ์เกิด) | K24: (นายปริวิชญ์ ไชยประเสริฐ)
A25: ตำแหน่ง รองผู้อำนวยการฝ่ายวิชาการ | F25: ตำแหน่ง รองผู้อำนวยการฝ่ายบริหารทรัพยากร | J25: ตำแหน่ง ผู้อำนวยการวิทยาลัยเทคนิคนครสวรรค์
A26: วันที่..................เดือน..........................พ.ศ................ | F26: วันที่.............เดือน.......................พ.ศ............. | J26: วันที่...........เดือน...................พ.ศ..........
A27: หลักฐานการเบิกจ่ายเงินค่าสอนพิเศษและค่าสอนเกินภาระงานสอนในสถานศึกษา
B28: ส่วนราชการ วิทยาลัยเทคนิคนครสวรรค์ | H28: ประจำเดือน | I28: =I2
G30: ระดับการสอน | I30: จำนวนหน่วย | J30: จำนวนเงิน | M30: หมายเหตุ
A31: ลำดับที่ | B31: ชื่อ - นามสกุล | F31: ตำแหน่ง | G31: มัธยมศึกษาตอนต้น | H31: สูงกว่า | I31: ชั่วโมงที่ทำการสอน | K31: ลายมือชื่อ | L31: วัน/เดือน/ปี
F32: ผู้ทำการสอน | G32: หรือมัธยมศึกษาตอนปลาย | H32: มัธยมศึกษาตอนปลาย | I32: พิเศษและสอนเกิน | K32: ผู้รับเงิน | L32: ที่รับเงิน
G33: หรือเทียบเท่า | H33: หรือเทียบเท่า | I33: ภาระงานสอน
B34: ย/ม | J34: =J16
A35: 9 | B35: =ตารางแจงเงินรายบุคคล!B15 | F35: ครู | G35: ü | I35: =ตารางแจงเงินรายบุคคล!O15 | J35: =ตารางแจงเงินรายบุคคล!P15
A36: 10 | B36: =ตารางแจงเงินรายบุคคล!B16 | F36: ครู | G36: ü | I36: =ตารางแจงเงินรายบุคคล!O16 | J36: =ตารางแจงเงินรายบุคคล!P16
A37: 11 | B37: =ตารางแจงเงินรายบุคคล!B17 | F37: ครู | G37: ü | I37: =ตารางแจงเงินรายบุคคล!O17 | J37: =ตารางแจงเงินรายบุคคล!P17
A38: 12 | B38: =ตารางแจงเงินรายบุคคล!B18 | F38: ครู | G38: ü | I38: =ตารางแจงเงินรายบุคคล!O18 | J38: =ตารางแจงเงินรายบุคคล!P18
A39: 13 | B39: =ตารางแจงเงินรายบุคคล!B19 | F39: พนักงานราชการ | G39: ü | I39: =ตารางแจงเงินรายบุคคล!O19 | J39: =ตารางแจงเงินรายบุคคล!P19
C42: ย/ป | E42: รวมจำนวนเงิน | G42: =B45 | J42: =SUM(J34:J41)
F43: ผู้ทำ | J43: ผู้จ่ายเงิน
A44: รวมจำนวนเงินค่าสอนพิเศษทั้งสิ้น | C44: =J42 | D44: บาท | F44: ลงชื่อ......................................... | J44: ลงชื่อ.........................................
A45: ( | B45: =BAHTTEXT(C44) | E45: ) | F45: (นายชำนาญ แก้วจงประสิทธิ์) | J45: (นางวีณา กฐินทอง )
F46: ตำแหน่งครู หัวหน้าแผนกวิชาช่างยนต์ | J46: ตำแหน่ง หัวหน้างานการเงิน
F47: วันที่.......เดือน..........................พ.ศ.............. | J47: วันที่........เดือน...............พ.ศ...........
A48: ผู้รับรอง | F48: ผู้เห็นชอบ | J48: ผู้อนุมัติ
A49: ลงชื่อ........................................................................... | F49: ลงชื่อ............................................................... | J49: ลงชื่อ...................................................................
B50: (นายฉัตรชัย งาหอม) | G50: (นายปรีชา โพธิ์เกิด) | K50: (นายปริวิชญ์ ไชยประเสริฐ)
A51: ตำแหน่ง รองผู้อำนวยการฝ่ายวิชาการ | F51: ตำแหน่ง รองผู้อำนวยการฝ่ายบริหารทรัพยากร | J51: ตำแหน่ง ผู้อำนวยการวิทยาลัยเทคนิคนครสวรรค์
A52: วันที่..................เดือน..........................พ.ศ................ | F52: วันที่.............เดือน.......................พ.ศ............. | J52: วันที่...........เดือน...................พ.ศ..........
A53: หลักฐานการเบิกจ่ายเงินค่าสอนพิเศษและค่าสอนเกินภาระงานสอนในสถานศึกษา
B54: ส่วนราชการ วิทยาลัยเทคนิคนครสวรรค์ | H54: ประจำเดือน | I54: =I2
G56: ระดับการสอน | I56: จำนวนหน่วย | J56: จำนวนเงิน | M56: หมายเหตุ
A57: ลำดับที่ | B57: ชื่อ - นามสกุล | F57: ตำแหน่ง | G57: มัธยมศึกษาตอนต้น | H57: สูงกว่า | I57: ชั่วโมงที่ทำการสอน | K57: ลายมือชื่อ | L57: วัน/เดือน/ปี
F58: ผู้ทำการสอน | G58: หรือมัธยมศึกษาตอนปลาย | H58: มัธยมศึกษาตอนปลาย | I58: พิเศษและสอนเกิน | K58: ผู้รับเงิน | L58: ที่รับเงิน
G59: หรือเทียบเท่า | H59: หรือเทียบเท่า | I59: ภาระงานสอน
B60: ย/ม | J60: =J42
A61: 16 | B61: =ตารางแจงเงินรายบุคคล!B22 | F61: ครู | G61: ü | I61: =ตารางแจงเงินรายบุคคล!O22 | J61: =ตารางแจงเงินรายบุคคล!P22
A62: 17 | B62: =ตารางแจงเงินรายบุคคล!B23 | F62: ครู | G62: ü | I62: =ตารางแจงเงินรายบุคคล!O23 | J62: =ตารางแจงเงินรายบุคคล!P23
A63: 18 | B63: =ตารางแจงเงินรายบุคคล!B24 | F63: ครู | G63: ü | I63: =ตารางแจงเงินรายบุคคล!O24 | J63: =ตารางแจงเงินรายบุคคล!P24
A64: 19 | B64: =ตารางแจงเงินรายบุคคล!B25 | F64: ครู | G64: ü | I64: =ตารางแจงเงินรายบุคคล!O25 | J64: =ตารางแจงเงินรายบุคคล!P25
A65: 20 | B65: =ตารางแจงเงินรายบุคคล!B26 | F65: พนง.ราชการ | G65: ü | I65: =ตารางแจงเงินรายบุคคล!O26 | J65: =ตารางแจงเงินรายบุคคล!P26
E68: รวมจำนวนเงิน | G68: =B71 | J68: =SUM(J60:J67)
F69: ผู้ทำ | J69: ผู้จ่ายเงิน
A70: รวมจำนวนเงินค่าสอนพิเศษทั้งสิ้น | C70: =J68 | D70: บาท | F70: ลงชื่อ......................................... | J70: ลงชื่อ.........................................
A71: ( | B71: =BAHTTEXT(C70) | E71: ) | F71: (นายชำนาญ แก้วจงประสิทธิ์) | J71: (นางวีณา กฐินทอง )
F72: ตำแหน่งครู หัวหน้าแผนกวิชาช่างยนต์ | J72: ตำแหน่ง หัวหน้างานการเงิน
F73: วันที่.......เดือน..........................พ.ศ.............. | J73: วันที่........เดือน...............พ.ศ...........
A74: ผู้รับรอง | F74: ผู้เห็นชอบ | J74: ผู้อนุมัติ
A75: ลงชื่อ........................................................................... | F75: ลงชื่อ............................................................... | J75: ลงชื่อ...................................................................
B76: (นายฉัตรชัย งาหอม) | G76: (นายปรีชา โพธิ์เกิด) | K76: (นายปริวิชญ์ ไชยประเสริฐ)
A77: ตำแหน่ง รองผู้อำนวยการฝ่ายวิชาการ | F77: ตำแหน่ง รองผู้อำนวยการฝ่ายบริหารทรัพยากร | J77: ตำแหน่ง ผู้อำนวยการวิทยาลัยเทคนิคนครสวรรค์
A78: วันที่..................เดือน..........................พ.ศ................ | F78: วันที่.............เดือน.......................พ.ศ............. | J78: วันที่...........เดือน...................พ.ศ..........

Sheet สรุปลา 
